NAME,DESCONT,PRICE,RATING,RELEASE,ENDS,STARTED
Killing Floor,-90%,"R$ 3,49",93.37%,May 2009,2024-05-23 14:00:00,2024-05-16 14:01:19
Dark Messiah of Might & Magic,-75%,"R$ 7,49",88.66%,Oct 2006,2024-05-31 14:00:00,2024-05-17 14:01:17
FlatOut 2™,-80%,"R$ 13,99",93.70%,Aug 2006,2024-05-23 14:00:00,2024-05-09 14:01:20
Xpand Rally,-89%,"R$ 1,86",77.47%,Aug 2006,2024-05-24 14:00:00,2024-05-10 14:01:18
Men of War: Red Tide,-85%,"R$ 2,54",80.82%,Nov 2009,2024-05-22 14:00:00,2024-05-15 14:01:19
Judge Dredd: Dredd vs. Death,-60%,"R$ 6,39",82.71%,Feb 2005,2024-05-20 14:00:00,2024-05-07 14:01:21
Evil Genius,-90%,"R$ 1,99",89.90%,Sep 2004,2024-05-20 14:00:00,2024-05-07 14:01:21
Aliens versus Predator Classic 2000,-80%,"R$ 3,39",84.08%,Mar 2000,2024-05-20 14:00:00,2024-05-07 14:01:21
Sid Meier's Civilization® IV,-85%,"R$ 4,49",89.14%,Oct 2005,2024-05-27 14:00:00,2024-05-13 14:21:19
FlatOut,-80%,"R$ 13,99",89.04%,Jul 2005,1969-12-31 21:00:00,2024-05-09 14:01:20
Dreamfall: The Longest Journey,-60%,"R$ 23,99",80.36%,Apr 2006,2024-05-20 14:00:00,2024-05-13 14:21:19
The Longest Journey,-60%,"R$ 13,19",86.00%,Nov 2000,2024-05-20 14:00:00,2024-05-13 14:21:19
Nexus - The Jupiter Incident,-80%,"R$ 3,99",80.54%,Nov 2004,2024-05-20 14:00:00,2024-05-13 14:21:19
Battlestations: Midway,-86%,"R$ 3,06",73.90%,Jan 2007,2024-05-21 14:00:00,2024-05-08 14:01:19
Just Cause,-86%,"R$ 3,06",65.05%,Sep 2006,2024-05-21 14:00:00,2024-05-08 14:01:19
Thief: Deadly Shadows,-89%,"R$ 4,12",78.54%,Jun 2004,2024-05-20 14:00:00,2024-05-10 14:01:18
Tomb Raider: Legend,-86%,"R$ 4,05",84.74%,Apr 2006,2024-05-20 14:00:00,2024-05-10 14:01:18
Project: Snowblind,-85%,"R$ 2,98",72.08%,Feb 2005,2024-05-21 14:00:00,2024-05-08 14:01:19
Men of War™,-85%,"R$ 2,54",86.46%,May 2009,2024-05-22 14:00:00,2024-05-15 14:01:19
Tomb Raider: Anniversary,-89%,"R$ 4,12",80.11%,Jun 2007,2024-05-20 14:00:00,2024-05-10 14:01:19
Tomb Raider: Underworld,-89%,"R$ 4,12",74.70%,Nov 2008,2024-05-20 14:00:00,2024-05-10 14:01:19
Just Cause 2,-90%,"R$ 6,49",89.27%,Mar 2010,2024-05-21 14:00:00,2024-05-08 14:01:20
Sid Meier's Civilization® V,-75%,"R$ 11,24",94.97%,Sep 2010,2024-05-27 14:00:00,2024-05-13 14:21:19
Supreme Commander,-80%,"R$ 6,79",85.42%,Feb 2007,2024-05-21 14:00:00,2024-05-08 14:01:20
Supreme Commander: Forged Alliance,-80%,"R$ 6,79",94.11%,Sep 2011,2024-05-21 14:00:00,2024-05-08 14:01:20
Blade Kitten,-50%,"R$ 3,14",78.98%,Sep 2010,2024-05-20 14:00:00,2024-05-13 14:21:19
Larva Mortus,-67%,"R$ 3,46",71.94%,Mar 2009,2024-05-20 14:00:00,2024-05-13 14:21:19
Soldiers: Heroes of World War II,-85%,"R$ 2,54",80.09%,Jun 2004,2024-05-22 14:00:00,2024-05-15 14:01:19
Max Payne 2: The Fall of Max Payne,-65%,"R$ 5,24",91.79%,Oct 2003,2024-05-27 14:00:00,2024-05-13 14:21:19
Bully: Scholarship Edition,-65%,"R$ 13,99",83.11%,Oct 2008,2024-05-27 14:00:00,2024-05-13 14:21:19
Grand Theft Auto IV: The Complete Edition,-70%,"R$ 23,70",80.62%,Mar 2020,2024-05-27 14:00:00,2024-05-13 14:21:19
Sacred Gold,-75%,"R$ 4,99",81.87%,Aug 2006,2024-05-20 14:00:00,2024-05-13 14:21:19
FlatOut: Ultimate Carnage Collector's Edition,-80%,"R$ 13,99",85.30%,Aug 2008,2024-05-23 14:00:00,2024-05-09 14:01:19
AudioSurf,-75%,"R$ 8,24",93.00%,Feb 2008,2024-05-20 14:00:00,2024-05-13 14:21:19
Prince of Persia: The Two Thrones™,-80%,"R$ 5,99",76.02%,Dec 2005,2024-05-31 14:00:00,2024-05-17 14:01:17
Prince of Persia®: The Sands of Time,-80%,"R$ 5,99",82.79%,Dec 2003,2024-05-31 14:00:00,2024-05-17 14:01:17
Heroes of Might & Magic V,-75%,"R$ 7,49",84.59%,May 2006,2024-05-31 14:00:00,2024-05-17 14:01:17
Heroes of Might & Magic V: Tribes of the East,-75%,"R$ 7,49",88.97%,Oct 2007,2024-05-31 14:00:00,2024-05-17 14:01:17
Sid Meier's Civilization IV: Colonization,-75%,"R$ 7,49",82.42%,Sep 2008,2024-05-27 14:00:00,2024-05-13 14:21:19
Prince of Persia®,-80%,"R$ 5,99",75.97%,Dec 2008,2024-05-31 14:00:00,2024-05-17 14:01:20
The Witcher: Enhanced Edition Director's Cut,-85%,"R$ 2,54",87.52%,Sep 2008,2024-05-26 14:00:00,2024-05-16 14:01:20
The Witcher 2: Assassins of Kings Enhanced Edition,-85%,"R$ 8,99",88.29%,May 2011,2024-05-26 14:00:00,2024-05-16 14:01:20
Hearts of Iron 2 Complete,-75%,"R$ 13,49",81.41%,Jan 2006,2024-05-23 14:00:00,2024-05-09 14:01:23
King Arthur - The Role-playing Wargame,-75%,"R$ 8,99",66.84%,Nov 2009,2024-05-23 14:00:00,2024-05-09 14:01:23
Europa Universalis III Complete,-70%,"R$ 16,19",80.19%,Jan 2007,2024-05-23 14:00:00,2024-05-09 14:01:23
Knights of Honor,-75%,"R$ 8,99",88.39%,May 2005,2024-05-23 14:00:00,2024-05-09 14:01:23
Hearts of Iron III,-75%,"R$ 8,99",75.10%,Aug 2009,2024-05-23 14:00:00,2024-05-09 14:01:23
Majesty 2,-75%,"R$ 8,99",67.49%,Sep 2009,2024-05-23 14:00:00,2024-05-09 14:01:23
Majesty Gold HD,-75%,"R$ 8,99",86.83%,Mar 2001,2024-05-23 14:00:00,2024-05-09 14:01:23
Tales of Monkey Island: Complete Season,-50%,"R$ 25,00",83.97%,Jul 2009,2024-05-20 14:00:00,2024-05-13 14:21:20
Puzzle Agent,-50%,"R$ 9,99",84.87%,—,2024-05-20 14:00:00,2024-05-13 14:21:20
Order of War™,-85%,"R$ 3,73",69.32%,Sep 2009,2024-05-21 14:00:00,2024-05-08 14:01:21
Mini Ninjas,-85%,"R$ 5,23",86.14%,Sep 2009,2024-05-21 14:00:00,2024-05-08 14:01:21
Lara Croft and the Guardian of Light,-85%,"R$ 6,22",88.24%,Sep 2010,2024-05-20 14:00:00,2024-05-10 14:01:20
Faerie Solitaire,-90%,"R$ 2,89",87.04%,Sep 2010,2024-05-20 14:00:00,2024-05-13 14:21:21
Dungeon Siege,-86%,"R$ 3,06",78.44%,Apr 2002,2024-05-21 14:00:00,2024-05-08 14:01:21
Dungeon Siege II,-86%,"R$ 3,06",72.61%,Aug 2005,2024-05-21 14:00:00,2024-05-08 14:01:21
SpellForce - Platinum Edition,-80%,"R$ 3,39",83.86%,Nov 2009,2024-06-01 14:00:00,2024-05-18 14:01:20
SpellForce 2 - Anniversary Edition,-80%,"R$ 4,99",72.47%,Oct 2009,2024-06-01 14:00:00,2024-05-18 14:01:20
Supreme Commander 2,-75%,"R$ 13,72",86.10%,Mar 2010,2024-05-21 14:00:00,2024-05-08 14:01:21
AI War: Fleet Command,-75%,"R$ 8,24",79.00%,Oct 2009,2024-05-20 14:00:00,2024-05-13 14:21:21
Stronghold HD (2012),-70%,"R$ 3,59",92.59%,Oct 2001,2024-05-20 14:00:00,2024-05-13 14:21:21
Stronghold 2: Steam Edition,-70%,"R$ 8,39",85.72%,—,2024-05-20 14:00:00,2024-05-13 14:21:21
Stronghold Crusader HD,-70%,"R$ 5,09",95.07%,Jul 2002,2024-05-23 14:00:00,2024-05-16 14:01:21
Stronghold Legends: Steam Edition,-70%,"R$ 8,39",83.12%,Oct 2009,2024-05-20 14:00:00,2024-05-13 14:21:21
Torchlight,-80%,"R$ 4,99",88.27%,Oct 2009,2024-05-27 14:00:00,2024-05-13 14:21:21
Sword of the Stars: Complete Collection,-75%,"R$ 8,99",82.85%,Oct 2008,2024-05-23 14:00:00,2024-05-09 14:01:23
Magicka,-75%,"R$ 8,99",85.51%,Jan 2011,2024-05-23 14:00:00,2024-05-09 14:01:23
Victoria II,-75%,"R$ 17,99",90.19%,Aug 2010,2024-05-23 14:00:00,2024-05-09 14:01:23
LIMBO,-90%,"R$ 3,70",91.29%,Aug 2011,2024-05-26 14:00:00,2024-05-19 14:01:21
Age of Wonders,-75%,"R$ 5,49",74.90%,—,2024-05-23 14:00:00,2024-05-09 14:01:21
Age of Wonders Shadow Magic,-75%,"R$ 8,99",83.21%,—,2024-05-23 14:00:00,2024-05-09 14:01:21
Men of War: Vietnam,-85%,"R$ 3,97",63.03%,Sep 2011,2024-05-22 14:00:00,2024-05-15 14:01:21
Men of War: Assault Squad,-90%,"R$ 3,29",85.17%,Feb 2011,2024-05-22 14:00:00,2024-05-15 14:01:21
Cities in Motion,-50%,"R$ 35,99",73.51%,Feb 2011,2024-05-23 14:00:00,2024-05-09 14:01:22
Darkest Hour: A Hearts of Iron Game,-80%,"R$ 7,19",85.68%,Apr 2011,2024-05-23 14:00:00,2024-05-09 14:01:22
Sanctum,-80%,"R$ 6,59",85.83%,Apr 2011,2024-05-28 14:00:00,2024-05-14 08:20:02
Puzzle Agent 2,-50%,"R$ 9,99",82.02%,Jun 2011,2024-05-20 14:00:00,2024-05-13 14:21:22
Orcs Must Die!,-75%,"R$ 5,17",93.14%,Oct 2011,2024-05-27 14:00:00,2024-05-15 12:05:02
Space Pirates and Zombies,-50%,"R$ 9,99",87.37%,Aug 2011,2024-05-20 14:00:00,2024-05-13 14:21:22
L.A. Noire,-70%,"R$ 29,85",84.05%,Nov 2011,2024-05-27 14:00:00,2024-05-13 14:21:22
Serious Sam Double D XXL,-90%,"R$ 3,29",78.35%,Aug 2011,2024-05-23 14:00:00,2024-05-16 14:01:21
Monaco: What's Yours Is Mine,-75%,"R$ 6,99",87.95%,Apr 2013,2024-05-20 14:00:00,2024-05-13 14:21:22
Quantum Conundrum,-89%,"R$ 3,17",80.66%,Jun 2012,2024-05-21 14:00:00,2024-05-08 14:01:22
A Game of Dwarves,-75%,"R$ 8,99",61.53%,Oct 2012,2024-05-23 14:00:00,2024-05-09 14:01:22
Torchlight II,-80%,"R$ 6,99",91.16%,Sep 2012,2024-05-27 14:00:00,2024-05-13 14:21:22
Orcs Must Die! 2,-75%,"R$ 7,24",91.06%,Jul 2012,2024-05-27 14:00:00,2024-05-15 12:05:02
Tomb Raider,-80%,"R$ 12,49",95.01%,Mar 2013,2024-05-20 14:00:00,2024-05-10 14:01:21
Warlock - Master of the Arcane,-75%,"R$ 22,49",82.81%,May 2012,2024-05-23 14:00:00,2024-05-09 14:01:22
Max Payne 3,-70%,"R$ 29,85",84.83%,Jun 2012,2024-05-27 14:00:00,2024-05-13 14:21:22
Men of War: Condemned Heroes,-85%,"R$ 3,97",67.38%,Apr 2012,2024-05-22 14:00:00,2024-05-15 14:01:22
Sins of a Solar Empire®: Rebellion,-70%,"R$ 32,39",90.86%,Jun 2012,2024-05-20 14:00:00,2024-05-13 14:21:22
Warlock 2: The Exiled,-75%,"R$ 17,99",67.18%,Apr 2014,2024-05-23 14:00:00,2024-05-09 14:01:23
Legend of Grimrock,-80%,"R$ 9,39",90.68%,Apr 2012,2024-05-20 14:00:00,2024-05-13 14:21:20
Sacred Citadel,-75%,"R$ 4,99",66.58%,Apr 2013,2024-05-20 14:00:00,2024-05-13 14:21:20
ENDLESS™ Space - Definitive Edition,-75%,"R$ 4,99",78.60%,Jul 2012,2024-05-23 14:00:00,2024-05-16 14:01:22
Sanctum 2,-80%,"R$ 9,39",87.74%,May 2013,2024-05-28 14:00:00,2024-05-14 08:20:02
They Bleed Pixels,-75%,"R$ 8,24",80.01%,Aug 2012,2024-05-25 14:00:00,2024-05-11 14:01:20
Thief™ Gold,-86%,"R$ 4,05",88.62%,Nov 1998,2024-05-20 14:00:00,2024-05-10 14:01:21
Thief™ II: The Metal Age,-86%,"R$ 4,05",89.74%,Mar 2000,2024-05-20 14:00:00,2024-05-10 14:01:21
Conflict Desert Storm™,-86%,"R$ 3,06",69.40%,Sep 2002,2024-05-21 14:00:00,2024-05-08 14:01:22
FTL: Faster Than Light,-75%,"R$ 5,99",94.03%,Sep 2012,2024-05-20 14:00:00,2024-05-13 14:21:23
Hotline Miami,-80%,"R$ 6,59",95.77%,Oct 2012,2024-05-23 14:00:00,2024-05-16 14:01:23
Don't Starve,-75%,"R$ 5,17",95.30%,Apr 2013,2024-05-20 14:00:00,2024-05-13 14:21:24
Cargo Commander,-73%,"R$ 4,58",78.19%,Nov 2012,2024-05-20 14:00:00,2024-05-13 14:21:24
Thomas Was Alone,-80%,"R$ 3,39",91.00%,Nov 2012,2024-05-20 14:00:00,2024-05-13 14:21:24
Giana Sisters: Twisted Dreams,-80%,"R$ 6,59",74.87%,Oct 2012,2024-05-20 14:00:00,2024-05-13 14:21:24
Sea Dogs: To Each His Own,-80%,"R$ 5,59",71.86%,Feb 2016,2024-05-20 14:00:00,2024-05-13 14:21:24
Miasmata,-80%,"R$ 4,99",73.81%,Nov 2012,2024-05-20 14:00:00,2024-05-13 14:21:24
Legacy of Kain: Defiance,-86%,"R$ 4,05",81.28%,Dec 2003,2024-05-20 14:00:00,2024-05-10 14:01:22
Legacy of Kain: Soul Reaver 2,-86%,"R$ 4,05",63.96%,Nov 2001,2024-05-20 14:00:00,2024-05-10 14:01:22
Tomb Raider IV: The Last Revelation,-86%,"R$ 4,05",81.58%,Nov 2012,2024-05-20 14:00:00,2024-05-10 14:01:22
Tomb Raider V: Chronicles,-86%,"R$ 4,05",70.30%,Nov 2012,2024-05-20 14:00:00,2024-05-10 14:01:22
Full Mojo Rampage,-50%,"R$ 9,99",80.21%,May 2014,2024-05-20 14:00:00,2024-05-13 14:21:24
Just Cause™ 3,-85%,"R$ 6,44",82.45%,Nov 2015,2024-05-21 14:00:00,2024-05-08 14:01:23
Sacred 2 Gold,-75%,"R$ 6,99",73.60%,Dec 2012,2024-05-20 14:00:00,2024-05-13 14:21:25
Weird Worlds: Return to Infinite Space,-80%,"R$ 2,17",63.04%,Mar 2013,2024-05-20 14:00:00,2024-05-13 14:21:25
Desktop Dungeons,-50%,"R$ 12,49",81.14%,Apr 2023,2024-05-27 14:00:00,2024-05-13 14:21:25
Age of Wonders III,-75%,"R$ 26,99",78.63%,Mar 2014,2024-05-23 14:00:00,2024-05-09 14:01:27
Galactic Civilizations III,-66%,"R$ 36,71",74.93%,May 2015,2024-05-20 14:00:00,2024-05-13 14:21:25
Euro Truck Simulator 2,-75%,"R$ 15,49",96.61%,Oct 2012,2024-05-30 14:00:00,2024-05-16 14:01:25
Dungeon Hearts,-67%,"R$ 3,46",60.75%,Mar 2013,2024-05-23 14:00:00,2024-05-16 14:01:25
Knights of Pen and Paper +1 Edition,-75%,"R$ 8,99",79.98%,Jun 2013,2024-05-23 14:00:00,2024-05-09 14:01:25
Euro Truck Simulator,-80%,"R$ 3,21",80.73%,Aug 2008,2024-05-30 14:00:00,2024-05-16 14:01:25
Killing Floor 2,-95%,"R$ 2,79",86.60%,Nov 2016,2024-05-23 14:00:00,2024-05-16 14:01:25
Stronghold Crusader 2,-90%,"R$ 7,54",70.36%,Sep 2014,2024-05-20 14:00:00,2024-05-13 14:21:25
LUFTRAUSERS,-80%,"R$ 6,59",87.69%,Mar 2014,2024-05-23 14:00:00,2024-05-16 14:01:25
Murdered: Soul Suspect,-90%,"R$ 5,59",83.62%,Jun 2014,2024-05-21 14:00:00,2024-05-08 14:01:23
Prison Architect,-80%,"R$ 21,59",88.19%,Oct 2015,2024-05-23 14:00:00,2024-05-09 14:01:25
Sword of the Stars: The Pit,-50%,"R$ 8,49",80.45%,Feb 2013,2024-05-20 14:00:00,2024-05-13 14:21:25
Teleglitch: Die More Edition,-75%,"R$ 11,74",81.79%,Jul 2013,2024-05-23 14:00:00,2024-05-09 14:01:25
Shadowrun Returns,-75%,"R$ 13,49",86.28%,Jul 2013,2024-05-23 14:00:00,2024-05-09 14:01:25
Super Sanctum TD,-80%,"R$ 3,39",83.04%,May 2013,2024-05-28 14:00:00,2024-05-14 08:20:02
Europa Universalis IV,-70%,"R$ 43,19",86.05%,Aug 2013,2024-05-23 14:00:00,2024-05-09 14:01:25
Expeditions: Conquistador,-75%,"R$ 8,74",76.05%,May 2013,2024-05-20 14:00:00,2024-05-13 14:21:25
Magicka 2,-75%,"R$ 13,49",80.65%,May 2015,2024-05-23 14:00:00,2024-05-09 14:01:25
Bionic Dues,-75%,"R$ 8,24",71.70%,Oct 2013,2024-05-20 14:00:00,2024-05-13 14:21:25
Thief,-85%,"R$ 12,52",73.10%,Feb 2014,2024-05-20 14:00:00,2024-05-10 14:01:22
Spelunky,-75%,"R$ 6,99",89.85%,Aug 2013,2024-05-20 14:00:00,2024-05-13 14:21:25
Rogue Legacy,-80%,"R$ 9,39",90.53%,Jun 2013,2024-05-20 14:00:00,2024-05-13 14:21:26
Assassin’s Creed® IV Black Flag™,-70%,"R$ 35,99",87.56%,—,2024-05-26 14:00:00,2024-05-15 14:01:23
Anachronox,-86%,"R$ 3,06",70.44%,Jun 2001,2024-05-21 14:00:00,2024-05-08 14:01:24
Blood Omen 2: Legacy of Kain,-86%,"R$ 4,05",66.23%,Mar 2002,2024-05-20 14:00:00,2024-05-10 14:01:24
Omikron: The Nomad Soul,-86%,"R$ 4,88",64.55%,Nov 1999,2024-05-21 14:00:00,2024-05-08 14:01:24
Watch_Dogs™,-85%,"R$ 14,24",75.43%,May 2014,2024-05-20 14:00:00,2024-05-13 14:21:26
"Invisible, Inc.",-75%,"R$ 9,24",88.55%,May 2015,2024-05-20 14:00:00,2024-05-13 14:21:26
Men of War: Assault Squad 2,-80%,"R$ 17,79",89.59%,May 2014,2024-05-22 14:00:00,2024-05-15 14:01:23
Crypt of the NecroDancer,-80%,"R$ 9,39",93.71%,Apr 2015,2024-05-20 14:00:00,2024-05-13 14:21:26
Dysfunctional Systems: Learning to Manage Chaos,-50%,"R$ 5,24",72.25%,Apr 2013,2024-05-21 14:00:00,2024-05-14 14:01:23
Risk of Rain (2013),-80%,"R$ 3,99",91.50%,Nov 2013,2024-05-20 14:00:00,2024-05-13 14:21:26
NEO Scavenger,-75%,"R$ 11,74",86.88%,Dec 2014,2024-05-20 14:00:00,2024-05-13 14:21:26
Dungeon of the ENDLESS™,-80%,"R$ 4,79",83.76%,Oct 2014,2024-05-20 14:00:00,2024-05-13 14:21:26
The Wolf Among Us,-50%,"R$ 25,00",95.71%,Oct 2013,2024-05-20 14:00:00,2024-05-13 14:21:26
Bridge Constructor,-90%,"R$ 3,29",73.53%,Oct 2013,2024-05-22 14:00:00,2024-05-15 14:01:24
Super Amazing Wagon Adventure,-66%,"R$ 3,56",90.72%,Oct 2013,2024-05-20 14:00:00,2024-05-13 14:21:26
BELOW,-75%,"R$ 11,87",67.83%,Dec 2018,2024-05-20 14:00:00,2024-05-13 14:21:26
Livelock,-85%,"R$ 3,10",75.65%,Aug 2016,2024-05-27 14:00:00,2024-05-13 14:21:26
The Inner World,-90%,"R$ 4,69",85.37%,Sep 2013,2024-05-22 14:00:00,2024-05-15 14:01:24
Legend of Grimrock 2,-80%,"R$ 14,20",87.48%,Oct 2014,2024-05-20 14:00:00,2024-05-13 14:21:26
Long Live The Queen,-65%,"R$ 9,09",91.88%,Nov 2013,2024-05-20 14:00:00,2024-05-13 14:21:26
Lovers in a Dangerous Spacetime,-50%,"R$ 13,99",89.35%,Sep 2015,2024-05-20 14:00:00,2024-05-13 14:21:26
Syder Arcade,-50%,"R$ 9,99",79.24%,Oct 2013,2024-05-20 14:00:00,2024-05-13 14:21:26
Death Road to Canada,-75%,"R$ 6,99",90.30%,Jul 2016,2024-05-20 14:00:00,2024-05-13 14:21:26
Race The Sun,-75%,"R$ 8,24",90.50%,Dec 2013,2024-05-20 14:00:00,2024-05-13 14:21:26
A Hat in Time,-50%,"R$ 44,49",96.07%,Oct 2017,2024-05-20 14:00:00,2024-05-13 14:21:26
Duskers,-50%,"R$ 18,49",86.27%,May 2016,2024-05-20 14:00:00,2024-05-13 14:21:26
Abyss Odyssey,-80%,"R$ 5,59",61.45%,Jul 2014,2024-05-20 14:00:00,2024-05-13 14:21:27
Cities: Skylines,-70%,"R$ 32,39",92.25%,Mar 2015,2024-05-23 14:00:00,2024-05-09 14:01:26
Child of Light,-70%,"R$ 13,49",89.63%,Apr 2014,2024-05-31 14:00:00,2024-05-17 14:01:22
Not The Robots,-75%,"R$ 8,24",74.96%,Dec 2013,2024-05-27 14:00:00,2024-05-13 14:21:27
Rebuild 3: Gangs of Deadsville,-60%,"R$ 18,79",82.30%,May 2015,2024-05-20 14:00:00,2024-05-13 14:21:27
The Talos Principle,-85%,"R$ 13,34",93.47%,Dec 2014,2024-05-30 14:00:00,2024-05-16 14:01:24
Survivor Squad,-80%,"R$ 2,09",64.16%,Nov 2013,2024-05-20 14:00:00,2024-05-13 14:21:27
Scania Truck Driving Simulator,-80%,"R$ 6,39",77.40%,Jun 2012,2024-05-30 14:00:00,2024-05-16 14:01:24
Hero of the Kingdom,-85%,"R$ 3,97",90.11%,Dec 2012,2024-05-20 14:00:00,2024-05-13 14:21:27
Finding Teddy,-80%,"R$ 2,79",77.73%,Dec 2013,2024-05-27 14:00:00,2024-05-13 14:21:27
Tales of Maj'Eyal,-50%,"R$ 6,99",92.20%,Dec 2012,2024-05-20 14:00:00,2024-05-13 14:21:27
Marc Eckō's Getting Up: Contents Under Pressure,-90%,"R$ 4,69",85.20%,Feb 2006,2024-05-23 14:00:00,2024-05-16 14:01:24
Lifeless Planet Premier Edition,-60%,"R$ 25,59",74.13%,Jun 2014,2024-05-20 14:00:00,2024-05-06 14:21:27
Darkest Dungeon®,-85%,"R$ 11,09",90.42%,Jan 2016,2024-05-20 14:00:00,2024-05-13 14:21:27
3089 -- Futuristic Action RPG,-75%,"R$ 5,87",67.15%,Jan 2014,2024-05-20 14:00:00,2024-05-13 14:21:27
War of the Human Tanks,-50%,"R$ 16,49",81.17%,Sep 2012,2024-05-27 14:00:00,2024-05-16 14:01:24
Pixel Piracy,-80%,"R$ 9,39",64.66%,Apr 2015,2024-05-20 14:00:00,2024-05-13 14:21:27
WazHack,-69%,"R$ 5,26",83.31%,Feb 2014,2024-05-20 14:00:00,2024-05-13 14:21:27
One Finger Death Punch,-78%,"R$ 1,86",95.38%,Mar 2014,2024-05-20 14:00:00,2024-05-13 14:21:27
Guns n Zombies,-89%,"R$ 2,91",66.97%,Oct 2014,2024-05-20 14:00:00,2024-05-13 14:21:27
Deadly 30,-86%,"R$ 2,37",73.57%,Jan 2014,2024-05-22 14:00:00,2024-05-15 14:01:24
Rogue's Tale,-50%,"R$ 11,75",69.32%,Mar 2014,2024-05-20 14:00:00,2024-05-13 14:21:28
LYNE,-60%,"R$ 4,19",92.69%,Mar 2014,2024-05-20 14:00:00,2024-05-13 14:21:28
One Way Heroics,-69%,"R$ 1,85",90.48%,Feb 2014,2024-05-20 14:00:00,2024-05-13 14:21:28
Heat Signature,-60%,"R$ 11,19",91.57%,Sep 2017,2024-05-20 14:00:00,2024-05-13 14:21:28
Mechanic Escape,-80%,"R$ 2,49",80.64%,Apr 2014,2024-05-27 14:00:00,2024-05-13 14:21:28
Magicite,-50%,"R$ 10,34",82.81%,Jun 2014,2024-05-20 14:00:00,2024-05-13 14:21:28
Hero Siege,-80%,"R$ 5,29",68.74%,Jan 2014,2024-05-20 14:00:00,2024-05-13 14:21:28
Infectonator: Survivors,-90%,"R$ 3,29",65.17%,Aug 2016,2024-05-20 14:00:00,2024-05-13 14:21:28
Tumblestone,-81%,"R$ 8,73",73.53%,Jul 2016,2024-05-20 14:00:00,2024-05-13 14:21:28
DreadOut,-80%,"R$ 5,59",74.49%,May 2014,2024-05-24 14:00:00,2024-05-14 11:05:02
Quest of Dungeons,-70%,"R$ 5,09",72.11%,Mar 2014,2024-05-20 14:00:00,2024-05-13 14:21:28
Melody's Escape,-75%,"R$ 8,24",89.73%,May 2016,2024-05-20 14:00:00,2024-05-13 14:21:28
American Truck Simulator,-75%,"R$ 15,49",95.51%,Feb 2016,2024-05-30 14:00:00,2024-05-16 14:01:26
Grand Theft Auto V,-65%,"R$ 38,63",86.33%,Apr 2015,1969-12-31 21:00:00,2024-05-13 14:21:28
Over 9000 Zombies!,-72%,"R$ 1,95",82.54%,Feb 2015,2024-05-20 14:00:00,2024-05-13 14:21:28
Hotline Miami 2: Wrong Number,-85%,"R$ 7,04",92.32%,Mar 2015,2024-05-23 14:00:00,2024-05-16 14:01:26
Broforce,-80%,"R$ 9,39",95.27%,Oct 2015,2024-05-23 14:00:00,2024-05-16 14:01:26
RONIN,-80%,"R$ 8,39",67.77%,Jun 2015,2024-05-23 14:00:00,2024-05-16 14:01:26
OlliOlli,-80%,"R$ 8,39",74.83%,Jul 2014,2024-05-23 14:00:00,2024-05-16 14:01:26
NOT A HERO,-80%,"R$ 11,99",83.06%,Jul 2016,2024-05-23 14:00:00,2024-05-16 14:01:26
Gods Will Be Watching,-80%,"R$ 6,59",68.93%,Jul 2014,2024-05-23 14:00:00,2024-05-09 14:01:28
Dropsy,-90%,"R$ 3,29",88.99%,Sep 2015,2024-05-23 14:00:00,2024-05-16 14:01:26
Brigador: Up-Armored Edition,-64%,"R$ 16,55",90.57%,Jun 2016,2024-05-20 14:00:00,2024-05-13 14:21:28
Z,-87%,"R$ 1,81",72.40%,Jul 2014,2024-05-20 14:00:00,2024-05-07 14:01:24
Assassin's Creed Freedom Cry,-60%,"R$ 17,99",73.98%,Feb 2014,2024-05-26 14:00:00,2024-05-19 14:01:23
A Story About My Uncle,-80%,"R$ 9,39",89.82%,May 2014,2024-05-28 14:00:00,2024-05-14 08:20:02
Stellaris,-70%,"R$ 43,19",86.77%,May 2016,2024-05-20 14:00:00,2024-05-07 14:01:25
100% Orange Juice,-100%,"R$ 0,00",90.45%,Sep 2013,2024-05-22 14:00:00,2024-05-16 14:01:27
House of the Dying Sun,-70%,"R$ 11,09",85.88%,Nov 2016,2024-05-20 14:00:00,2024-05-13 14:21:29
Hard Truck Apocalypse / Ex Machina,-75%,"R$ 6,62",80.93%,Dec 2005,2024-05-20 14:00:00,2024-05-13 14:21:29
Braveland,-90%,"R$ 3,29",79.00%,Mar 2014,2024-05-20 14:00:00,2024-05-13 14:21:29
Oknytt,-83%,"R$ 1,78",85.66%,Jul 2013,2024-05-20 14:00:00,2024-05-13 14:21:29
ENDLESS™ Legend,-100%,"R$ 0,00",82.27%,Sep 2014,2024-05-23 14:00:00,2024-05-16 14:01:27
Faces of War,-85%,"R$ 2,54",83.42%,Sep 2006,2024-05-22 14:00:00,2024-05-15 14:01:26
Collapse,-75%,"R$ 14,99",69.91%,Sep 2008,2024-05-20 14:00:00,2024-05-13 14:21:29
LARA CROFT AND THE TEMPLE OF OSIRIS™,-85%,"R$ 12,52",66.01%,Dec 2014,2024-05-20 14:00:00,2024-05-10 14:01:25
The Witcher® 3: Wild Hunt,-75%,"R$ 32,49",95.33%,May 2015,2024-05-26 14:00:00,2024-05-16 14:01:27
Overcast - Walden and the Werewolf,-90%,"R$ 1,74",60.11%,Apr 2014,2024-05-30 14:00:00,2024-05-16 15:05:02
Crowntakers,-70%,"R$ 9,89",70.21%,Nov 2014,2024-05-20 14:00:00,2024-05-13 14:21:30
Mount Your Friends,-65%,"R$ 5,94",92.27%,Jul 2014,2024-05-20 14:00:00,2024-05-13 14:21:30
Monstrum,-70%,"R$ 10,19",87.59%,May 2015,2024-05-20 14:00:00,2024-05-13 14:21:30
Renowned Explorers: International Society,-60%,"R$ 14,79",87.98%,Sep 2015,2024-05-20 14:00:00,2024-05-13 14:21:30
Cosmic DJ,-67%,"R$ 3,46",83.12%,Oct 2014,2024-05-23 14:00:00,2024-05-16 14:01:28
Titan Souls,-90%,"R$ 4,69",77.17%,Apr 2015,2024-05-23 14:00:00,2024-05-16 14:01:28
Space Colony: Steam Edition,-75%,"R$ 6,99",74.45%,Apr 2015,2024-05-20 14:00:00,2024-05-13 14:21:31
Victory At Sea,-85%,"R$ 6,89",70.93%,Aug 2014,2024-05-29 14:00:00,2024-05-15 14:01:27
Rogue Stormers,-80%,"R$ 7,39",66.63%,Sep 2016,2024-05-20 14:00:00,2024-05-13 14:21:31
Shadowrun: Dragonfall - Director's Cut,-75%,"R$ 13,49",86.84%,Sep 2014,2024-05-23 14:00:00,2024-05-09 14:01:31
Battlezone 98 Redux,-85%,"R$ 6,89",86.38%,Apr 2016,2024-05-20 14:00:00,2024-05-07 14:01:26
City of Brass,-90%,"R$ 5,99",74.84%,May 2018,2024-05-20 14:00:00,2024-05-13 14:21:31
Trucks & Trailers,-80%,"R$ 3,21",66.04%,Jun 2011,2024-05-30 14:00:00,2024-05-16 14:01:28
Bus Driver,-80%,"R$ 3,21",78.17%,Mar 2007,2024-05-30 14:00:00,2024-05-16 14:01:28
The Witcher Adventure Game,-85%,"R$ 4,49",73.49%,Nov 2014,2024-05-26 14:00:00,2024-05-16 14:01:28
INSIDE,-90%,"R$ 7,40",95.09%,Jul 2016,2024-05-26 14:00:00,2024-05-19 14:01:25
Train Fever,-90%,"R$ 5,99",62.97%,Sep 2014,2024-05-20 14:00:00,2024-05-13 14:21:31
Blue Estate The Game,-65%,"R$ 9,09",87.27%,Apr 2015,2024-05-27 14:00:00,2024-05-13 14:21:31
Shattered Planet,-90%,"R$ 4,69",65.73%,Jul 2014,2024-05-20 14:00:00,2024-05-13 14:21:31
Project AURA,-75%,"R$ 7,24",62.26%,Apr 2018,2024-05-26 14:00:00,2024-05-12 14:01:23
We Need To Go Deeper,-50%,"R$ 15,49",84.19%,Aug 2019,2024-05-20 14:00:00,2024-05-13 14:21:31
Sleeping Dogs: Definitive Edition,-85%,"R$ 8,39",91.67%,Oct 2014,2024-05-21 14:00:00,2024-05-08 14:01:26
Black The Fall,-70%,"R$ 19,47",74.81%,Jul 2017,2024-05-21 14:00:00,2024-05-08 14:01:26
Knights of Pen and Paper 2,-75%,"R$ 7,24",83.80%,Oct 2015,2024-05-23 14:00:00,2024-05-09 14:01:32
Super Panda Adventures,-50%,"R$ 5,44",88.39%,Jul 2014,2024-05-20 14:00:00,2024-05-13 14:21:32
SpellForce 3 Reforced,-80%,"R$ 15,09",74.60%,Dec 2017,2024-06-01 14:00:00,2024-05-18 14:01:24
Enter the Gungeon,-70%,"R$ 14,09",94.24%,Apr 2016,2024-05-23 14:00:00,2024-05-13 14:21:32
Sproggiwood,-60%,"R$ 18,79",76.02%,Oct 2014,2024-05-20 14:00:00,2024-05-13 14:21:32
Chasm,-70%,"R$ 11,39",70.36%,Jul 2018,2024-05-20 14:00:00,2024-05-13 14:21:32
Rampage Knights,-60%,"R$ 16,79",88.94%,Sep 2015,2024-05-20 14:00:00,2024-05-13 14:21:32
Beyond Gravity,-50%,"R$ 2,14",83.06%,Sep 2014,2024-05-20 14:00:00,2024-05-13 14:21:33
The Flame in the Flood,-85%,"R$ 7,49",74.22%,Feb 2016,2024-05-20 14:00:00,2024-05-13 14:21:33
Bridge Constructor Medieval,-90%,"R$ 3,29",76.97%,Sep 2014,2024-05-22 14:00:00,2024-05-15 14:01:28
Moon Hunters,-90%,"R$ 4,69",76.45%,Mar 2016,2024-05-20 14:00:00,2024-05-13 14:21:33
Icewind Dale: Enhanced Edition,-80%,"R$ 11,99",86.16%,Oct 2014,2024-05-20 14:00:00,2024-05-13 14:21:33
The Warlock of Firetop Mountain,-70%,"R$ 11,09",71.81%,Aug 2016,2024-05-20 14:00:00,2024-05-17 07:30:03
Windward,-50%,"R$ 10,34",77.45%,May 2015,2024-05-20 14:00:00,2024-05-13 14:21:33
Heart&Slash,-81%,"R$ 5,50",76.62%,Aug 2016,2024-05-27 14:00:00,2024-05-15 14:01:29
SanctuaryRPG: Black Edition,-85%,"R$ 2,48",87.11%,Feb 2015,2024-05-20 14:00:00,2024-05-13 14:21:34
Catlateral Damage,-75%,"R$ 8,24",84.95%,May 2015,2024-05-20 14:00:00,2024-05-13 14:21:34
bit Dungeon II,-75%,"R$ 2,09",79.36%,Dec 2014,2024-05-20 14:00:00,2024-05-13 14:21:34
Crossing Souls,-80%,"R$ 9,39",76.15%,Feb 2018,2024-05-23 14:00:00,2024-05-16 14:01:31
ADOM (Ancient Domains Of Mystery),-50%,"R$ 13,99",81.01%,Nov 2015,2024-05-20 14:00:00,2024-05-06 14:21:33
Plebby Quest: The Crusades,-80%,"R$ 11,99",82.76%,Apr 2020,2024-05-30 14:00:00,2024-05-16 14:01:31
Out There: Ω Edition,-80%,"R$ 5,59",72.81%,Apr 2015,2024-05-20 14:00:00,2024-05-13 14:21:34
200% Mixed Juice!,-50%,"R$ 11,75",70.16%,Oct 2015,2024-05-27 14:00:00,2024-05-16 14:01:31
Star Traders: Frontiers,-50%,"R$ 23,49",81.45%,Aug 2018,2024-05-20 14:00:00,2024-05-13 14:21:35
Paint the Town Red,-50%,"R$ 29,99",93.62%,Jul 2021,2024-05-20 14:00:00,2024-05-13 14:21:35
Pixel Heroes: Byte & Magic,-90%,"R$ 3,29",71.61%,Feb 2015,2024-05-22 14:00:00,2024-05-15 14:01:29
Oceanhorn: Monster of Uncharted Seas,-50%,"R$ 13,99",76.82%,Mar 2015,2024-05-20 14:00:00,2024-05-13 14:21:35
Runestone Keeper,-80%,"R$ 3,99",81.34%,Mar 2015,2024-05-20 14:00:00,2024-05-13 14:21:35
Tallowmere,-75%,"R$ 3,44",85.41%,Mar 2015,2024-05-20 14:00:00,2024-05-13 14:21:35
Keep Talking and Nobody Explodes,-60%,"R$ 18,79",95.10%,Oct 2015,2024-05-21 14:00:00,2024-05-09 14:01:35
Overture,-80%,"R$ 2,17",73.00%,Jan 2015,2024-05-20 14:00:00,2024-05-13 14:21:36
Particula,-90%,"R$ 1,74",67.91%,Feb 2015,2024-05-30 14:00:00,2024-05-16 15:05:02
CRYPTARK,-75%,"R$ 6,99",79.08%,Jun 2017,2024-05-20 14:00:00,2024-05-13 14:21:36
David.,-70%,"R$ 2,09",74.78%,Mar 2014,2024-05-20 14:00:00,2024-05-13 14:21:36
Shadowrun: Hong Kong - Extended Edition,-75%,"R$ 17,99",83.76%,Aug 2015,2024-05-23 14:00:00,2024-05-09 14:01:36
Steredenn: Binary Stars,-60%,"R$ 16,79",83.18%,Oct 2015,2024-05-20 14:00:00,2024-05-13 14:21:36
Popup Dungeon,-60%,"R$ 18,99",72.88%,Aug 2020,2024-05-20 14:00:00,2024-05-13 14:21:36
Poop Clicker,-50%,"R$ 1,74",72.85%,Mar 2022,2024-05-22 14:00:00,2024-05-15 14:01:31
Belladonna,-75%,"R$ 3,62",69.16%,Feb 2015,2024-05-27 14:00:00,2024-05-13 14:21:36
WRC 5 FIA World Rally Championship,-90%,"R$ 2,06",65.34%,Oct 2015,2024-05-27 14:00:00,2024-05-13 14:21:37
Thumper,-55%,"R$ 16,64",88.64%,Oct 2016,2024-05-20 14:00:00,2024-05-13 14:21:37
Death's Gambit: Afterlife,-50%,"R$ 29,99",79.37%,Aug 2018,2024-05-20 14:00:00,2024-05-06 14:21:37
UBERMOSH,-90%,"R$ 1,74",85.47%,Aug 2015,2024-05-29 14:00:00,2024-05-15 14:35:02
Curious Expedition,-80%,"R$ 5,59",87.78%,Sep 2016,2024-05-20 14:00:00,2024-05-13 14:21:37
Elite Dangerous,-70%,"R$ 17,99",76.07%,Apr 2015,2024-05-27 14:00:00,2024-05-16 14:01:33
Downwell,-67%,"R$ 3,46",93.66%,Oct 2015,2024-05-23 14:00:00,2024-05-13 14:21:37
Mother Russia Bleeds,-80%,"R$ 9,39",84.20%,Sep 2016,2024-05-23 14:00:00,2024-05-16 14:01:34
Tyranny,-75%,"R$ 26,99",84.72%,Nov 2016,2024-05-23 14:00:00,2024-05-09 14:01:37
Dead Age,-90%,"R$ 4,69",79.45%,Jul 2016,2024-05-22 14:00:00,2024-05-15 14:01:32
Roguelands,-50%,"R$ 10,34",77.82%,Nov 2015,2024-05-20 14:00:00,2024-05-13 14:21:38
Battle Brothers,-50%,"R$ 34,99",86.42%,Mar 2017,2024-05-20 14:00:00,2024-05-13 14:21:38
Tom Clancy’s The Division™,-85%,"R$ 13,49",69.33%,Mar 2016,2024-05-31 14:00:00,2024-05-17 14:01:28
OlliOlli2: Welcome to Olliwood,-80%,"R$ 9,39",78.88%,Aug 2015,2024-05-23 14:00:00,2024-05-16 14:01:34
Volume,-80%,"R$ 7,39",72.29%,Aug 2015,2024-05-20 14:00:00,2024-05-13 14:21:38
Wurm Unlimited,-75%,"R$ 27,49",69.36%,Oct 2015,2024-05-27 14:00:00,2024-05-13 14:21:38
Poly Bridge,-90%,"R$ 2,06",89.25%,Jul 2016,2024-05-20 14:00:00,2024-05-13 14:21:38
The Enchanted Cave 2,-75%,"R$ 5,17",84.28%,Jun 2015,2024-05-20 14:00:00,2024-05-13 14:21:38
The Swindle,-85%,"R$ 4,19",61.84%,Jul 2015,2024-05-20 14:00:00,2024-05-13 14:21:38
Aegis Defenders,-75%,"R$ 9,24",75.59%,Feb 2018,2024-05-20 14:00:00,2024-05-13 14:25:57
Chronicon,-60%,"R$ 17,79",91.66%,Aug 2020,2024-05-20 14:00:00,2024-05-13 14:21:39
"Football, Tactics & Glory",-80%,"R$ 14,79",84.98%,Jun 2018,2024-05-20 14:00:00,2024-05-13 14:21:39
Anima: Gate of Memories,-84%,"R$ 13,29",64.92%,Jun 2016,1969-12-31 21:00:00,2024-05-15 14:01:34
Sky Rogue,-75%,"R$ 9,24",87.76%,Aug 2017,2024-05-20 14:00:00,2024-05-13 14:21:40
Shoppe Keep,-66%,"R$ 3,70",61.04%,May 2016,2024-05-20 14:00:00,2024-05-13 14:21:40
SKYHILL,-51%,"R$ 22,94",75.07%,Oct 2015,1969-12-31 21:00:00,2024-05-13 14:21:40
Dead In Bermuda,-80%,"R$ 5,59",70.08%,Aug 2015,2024-05-20 14:00:00,2024-05-13 14:21:40
NECROPOLIS: BRUTAL EDITION,-75%,"R$ 26,99",63.76%,—,2024-05-23 14:00:00,2024-05-09 14:01:39
Zombie Party,-80%,"R$ 4,13",80.37%,Jun 2016,2024-05-27 14:00:00,2024-05-13 14:21:40
Ultimate Chicken Horse,-65%,"R$ 15,74",93.93%,Mar 2016,2024-05-20 14:00:00,2024-05-13 14:21:41
Acceleration of SUGURI 2,-50%,"R$ 14,99",74.63%,Mar 2018,2024-05-27 14:00:00,2024-05-16 14:01:37
Anarcute,-80%,"R$ 7,19",86.56%,Jul 2016,2024-05-27 14:00:00,2024-05-13 14:21:42
Rise of the Tomb Raider™,-80%,"R$ 24,99",92.70%,Feb 2016,2024-05-20 14:00:00,2024-05-10 14:01:31
ENDLESS™ Space 2,-75%,"R$ 19,99",81.85%,May 2017,2024-05-23 14:00:00,2024-05-16 14:01:37
X4: Foundations,-60%,"R$ 53,99",76.76%,Nov 2018,2024-05-20 14:00:00,2024-05-13 14:21:42
Ice Lakes,-75%,"R$ 13,49",81.80%,Apr 2016,2024-05-23 14:00:00,2024-05-09 14:01:41
Hearts of Iron IV,-70%,"R$ 53,99",90.14%,Jun 2016,2024-05-23 14:00:00,2024-05-09 14:01:41
Office Battle,-50%,"R$ 1,74",71.52%,Dec 2015,2024-05-27 14:00:00,2024-05-13 14:21:42
Toby: The Secret Mine,-90%,"R$ 1,99",67.44%,Oct 2015,2024-05-31 14:00:00,2024-05-17 14:01:30
We Are The Dwarves,-95%,"R$ 17,26",65.50%,Feb 2016,1969-12-31 21:00:00,2024-05-19 14:01:30
EVERSPACE™,-85%,"R$ 8,99",77.13%,May 2017,2024-05-20 14:00:00,2024-05-13 14:21:42
Lords of the Realm II,-80%,"R$ 2,09",90.83%,Oct 1996,2024-05-20 14:00:00,2024-05-07 14:01:31
Old School Musical,-75%,"R$ 7,99",86.19%,Sep 2018,2024-05-27 14:00:00,2024-05-13 14:21:42
Epistory - Typing Chronicles,-70%,"R$ 12,89",91.66%,Mar 2016,2024-05-27 14:00:00,2024-05-13 14:21:42
Flamebreak,-75%,"R$ 5,17",87.31%,Mar 2016,2024-05-20 14:00:00,2024-05-13 14:21:42
Game Corp DX,-75%,"R$ 2,62",84.37%,Oct 2015,2024-05-20 14:00:00,2024-05-13 14:21:42
Okhlos: Omega,-80%,"R$ 8,39",73.46%,Aug 2016,2024-05-23 14:00:00,2024-05-13 14:21:43
NeuroVoider,-75%,"R$ 8,49",72.57%,Aug 2016,2024-05-27 14:00:00,2024-05-13 14:21:43
The Park®,-60%,"R$ 16,79",68.43%,Oct 2015,2024-05-20 14:00:00,2024-05-13 14:21:43
Dungelot: Shattered Lands,-75%,"R$ 8,24",72.42%,Feb 2016,2024-05-27 14:00:00,2024-05-13 14:21:44
Conquest of Elysium 4,-75%,"R$ 18,49",83.44%,Nov 2015,2024-05-20 14:00:00,2024-05-13 14:21:44
Hob,-80%,"R$ 7,39",85.66%,Sep 2017,2024-05-27 14:00:00,2024-05-13 14:21:44
Staxel,-75%,"R$ 9,24",77.24%,Apr 2019,2024-05-20 14:00:00,2024-05-13 14:21:44
Killing Room,-60%,"R$ 18,79",67.29%,Oct 2016,2024-05-20 14:00:00,2024-05-13 14:21:44
12 is Better Than 6,-90%,"R$ 1,99",81.41%,Nov 2015,2024-05-20 14:00:00,2024-05-06 14:21:43
TY the Tasmanian Tiger,-50%,"R$ 13,99",93.47%,Dec 2016,2024-05-20 14:00:00,2024-05-13 14:21:45
TY the Tasmanian Tiger 2,-50%,"R$ 14,49",89.18%,Dec 2017,2024-05-20 14:00:00,2024-05-13 14:21:45
One More Dungeon,-70%,"R$ 4,49",73.20%,Nov 2015,2024-05-20 14:00:00,2024-05-13 14:21:45
Nyan Cat: Lost In Space,-50%,"R$ 5,44",88.28%,Dec 2015,2024-05-31 14:00:00,2024-05-17 14:01:31
Red Comrades Save the Galaxy: Reloaded,-75%,"R$ 3,44",87.18%,Feb 2016,2024-05-20 14:00:00,2024-05-13 14:21:45
OmniBus,-80%,"R$ 3,39",77.17%,May 2016,2024-05-23 14:00:00,2024-05-16 14:01:48
Block'hood,-67%,"R$ 15,50",71.04%,May 2017,2024-05-23 14:00:00,2024-05-16 14:01:48
Spelunky 2,-50%,"R$ 18,99",90.82%,Sep 2020,2024-05-20 14:00:00,2024-05-13 14:21:45
DreadOut: Keepers of The Dark,-80%,"R$ 2,79",75.75%,Mar 2016,2024-05-24 14:00:00,2024-05-14 11:05:02
Project Highrise,-84%,"R$ 9,59",82.01%,Sep 2016,2024-05-26 14:00:00,2024-05-19 14:01:32
The Little Acre,-80%,"R$ 5,19",82.97%,Dec 2016,2024-05-20 14:00:00,2024-05-13 14:21:46
HERO DEFENSE,-95%,"R$ 4,44",61.42%,May 2016,2024-05-22 14:00:00,2024-05-15 14:01:37
8-Bit Armies,-50%,"R$ 23,49",78.82%,Apr 2016,2024-05-23 14:00:00,2024-05-09 14:01:44
Hitman GO: Definitive Edition,-80%,"R$ 3,19",81.69%,Feb 2016,2024-05-20 14:00:00,2024-05-10 14:01:33
Neon Chrome,-60%,"R$ 18,79",86.46%,Apr 2016,2024-05-20 14:00:00,2024-05-13 14:21:47
Wildfire,-60%,"R$ 11,59",78.74%,May 2020,2024-05-20 14:00:00,2024-05-13 14:21:47
Bit Blaster XL,-50%,"R$ 1,74",93.15%,Jan 2016,2024-05-20 14:00:00,2024-05-13 14:21:47
Lost Castle / 失落城堡,-60%,"R$ 7,99",85.44%,Sep 2016,2024-05-20 14:00:00,2024-05-13 14:21:47
2Dark,-90%,"R$ 7,90",73.39%,Mar 2017,2024-05-20 14:00:00,2024-05-13 14:21:47
Children of Zodiarcs,-70%,"R$ 8,39",67.95%,Jul 2017,2024-05-21 14:00:00,2024-05-08 14:01:35
Prison Run and Gun,-80%,"R$ 2,75",85.20%,Mar 2016,2024-05-20 14:00:00,2024-05-13 14:21:47
Age of Gladiators,-80%,"R$ 3,99",74.80%,Feb 2016,2024-05-20 14:00:00,2024-05-13 14:21:48
Expeditions: Viking,-75%,"R$ 13,99",80.52%,Apr 2017,2024-05-20 14:00:00,2024-05-13 14:21:48
Might and Magic: Heroes VII – Trial by Fire,-75%,"R$ 22,49",64.13%,Aug 2016,2024-05-31 14:00:00,2024-05-17 14:01:32
Wizard of Legend,-70%,"R$ 9,29",88.91%,May 2018,2024-05-20 14:00:00,2024-05-13 14:21:48
Jalopy,-75%,"R$ 7,24",75.49%,Mar 2018,2024-05-20 14:00:00,2024-05-13 14:21:48
Transport Fever,-85%,"R$ 13,34",81.27%,Nov 2016,2024-05-20 14:00:00,2024-05-13 14:21:48
Splasher,-77%,"R$ 8,27",87.52%,Feb 2017,2024-05-27 14:00:00,2024-05-13 14:21:48
Watch_Dogs® 2,-85%,"R$ 22,49",81.65%,Nov 2016,2024-05-20 14:00:00,2024-05-13 14:21:48
APE OUT,-75%,"R$ 11,74",90.55%,Feb 2019,2024-05-23 14:00:00,2024-05-16 14:01:41
Caveblazers,-90%,"R$ 3,29",83.47%,May 2017,2024-05-20 14:00:00,2024-05-13 14:21:49
Blueprint Tycoon,-75%,"R$ 2,62",77.98%,May 2016,2024-05-20 14:00:00,2024-05-13 14:21:49
Dungeon Escape,-83%,"R$ 2,34",75.83%,May 2016,2024-05-20 14:00:00,2024-05-15 14:01:39
Judgment: Apocalypse Survival Simulation,-60%,"R$ 23,99",78.05%,May 2018,2024-05-23 14:00:00,2024-05-09 13:05:02
StarsOne,-50%,"R$ 16,49",69.99%,Apr 2016,2024-05-20 14:00:00,2024-05-13 14:21:50
Oxygen Not Included,-66%,"R$ 15,63",95.33%,Jul 2019,2024-05-20 14:00:00,2024-05-13 14:21:50
SEUM: Speedrunners from Hell,-60%,"R$ 17,99",90.84%,Jul 2016,2024-05-20 16:01:12,2024-05-14 16:05:01
March of the Living,-50%,"R$ 14,49",68.23%,Apr 2016,2024-05-20 14:00:00,2024-05-13 14:21:50
Steep™,-85%,"R$ 13,49",80.07%,Dec 2016,2024-05-31 14:00:00,2024-05-17 14:01:33
Blaite,-50%,"R$ 1,74",70.01%,Jan 2017,2024-05-29 14:00:00,2024-05-15 14:01:40
BARRIER X,-70%,"R$ 1,88",82.36%,May 2016,2024-05-20 14:00:00,2024-05-06 14:21:54
RUINER,-80%,"R$ 11,99",87.42%,Sep 2017,2024-05-23 14:00:00,2024-05-16 14:01:42
Surviving Mars,-75%,"R$ 26,99",83.15%,Mar 2018,2024-05-23 14:00:00,2024-05-09 14:01:47
LUNA The Shadow Dust,-66%,"R$ 40,48",87.16%,Feb 2020,2024-05-23 14:00:00,2024-05-09 14:01:47
Fury Unleashed,-85%,"R$ 8,99",85.14%,May 2020,2024-05-20 14:00:00,2024-05-13 14:21:51
Serious Sam VR: The Last Hope,-76%,"R$ 70,37",81.02%,Sep 2017,1969-12-31 21:00:00,2024-05-16 14:01:42
Home Behind,-75%,"R$ 5,12",82.22%,Jun 2016,2024-05-20 14:00:00,2024-05-13 14:21:52
Monsters' Den: Godfall,-66%,"R$ 15,97",78.98%,Jul 2017,2024-05-20 14:00:00,2024-05-13 14:21:52
Genital Jousting,-89%,"R$ 2,58",89.50%,Jan 2018,2024-05-22 14:00:00,2024-05-08 14:01:37
Absolver,-80%,"R$ 17,79",70.76%,Aug 2017,2024-05-23 14:00:00,2024-05-16 14:01:46
Reigns,-67%,"R$ 3,46",85.06%,Aug 2016,2024-05-23 14:00:00,2024-05-16 14:01:46
Ride 2,-90%,"R$ 12,45",83.70%,Oct 2016,2024-05-20 14:00:00,2024-05-13 14:21:52
恶魔迷宫 | Evil Maze,-50%,"R$ 3,49",72.39%,Jun 2016,2024-05-20 14:00:00,2024-05-13 14:21:52
Ninja Stealth,-90%,"R$ 1,74",66.94%,Jun 2016,2024-05-28 14:00:00,2024-05-14 14:01:33
God's Trigger,-80%,"R$ 5,79",70.50%,Apr 2019,2024-05-24 14:00:00,2024-05-10 14:01:37
South Park™: The Fractured But Whole™,-80%,"R$ 27,99",82.55%,Oct 2017,2024-05-26 14:00:00,2024-05-19 14:01:36
CASE: Animatronics,-85%,"R$ 4,94",81.30%,Aug 2016,2024-05-20 14:00:00,2024-05-13 14:21:53
Batman - The Telltale Series,-50%,"R$ 25,00",83.66%,Aug 2016,2024-05-20 14:00:00,2024-05-13 14:21:54
Mind Spheres,-90%,"R$ 1,74",74.07%,Jul 2016,2024-05-30 14:00:00,2024-05-16 15:05:02
Fictorum,-75%,"R$ 5,17",74.75%,Aug 2017,2024-05-20 14:00:00,2024-05-13 14:21:55
Unexplored,-50%,"R$ 9,99",80.73%,Feb 2017,2024-05-20 14:00:00,2024-05-13 14:21:55
Broken Armor,-50%,"R$ 1,74",78.16%,Aug 2016,2024-05-20 14:00:00,2024-05-13 14:21:55
Streets of Rogue,-75%,"R$ 14,99",93.81%,Jul 2019,2024-05-27 14:00:00,2024-05-13 14:21:56
Virtual Rides 3 - Funfair Simulator,-60%,"R$ 29,59",84.03%,Mar 2017,2024-05-20 14:00:00,2024-05-13 14:21:57
ToeJam & Earl: Back in the Groove!,-90%,"R$ 2,89",84.49%,Mar 2019,2024-05-20 14:00:00,2024-05-13 14:21:57
Just Cause 4 Reloaded,-95%,"R$ 14,93",60.95%,Dec 2018,1969-12-31 21:00:00,2024-05-08 14:20:02
DRIFT CE,-50%,"R$ 49,50",71.15%,Jun 2021,2024-05-20 14:00:00,2024-05-13 14:21:57
A Normal Lost Phone,-72%,"R$ 2,23",85.32%,Jan 2017,2024-05-27 14:00:00,2024-05-13 14:21:58
Lust for Darkness,-90%,"R$ 2,79",66.52%,Jun 2018,2024-05-20 14:00:00,2024-05-13 14:21:58
Asura: Vengeance Edition,-50%,"R$ 9,99",80.61%,Apr 2017,2024-05-20 14:00:00,2024-05-13 14:21:58
Octogeddon,-50%,"R$ 9,44",86.05%,Feb 2018,2024-05-20 14:00:00,2024-05-13 14:21:58
Monsti,-50%,"R$ 1,74",60.39%,Sep 2016,2024-05-29 14:00:00,2024-05-15 14:01:44
Victoria 3,-76%,"R$ 43,19",65.08%,Oct 2022,2024-05-23 14:00:00,2024-05-09 14:01:52
Super Blood Hockey,-80%,"R$ 9,39",86.74%,Aug 2017,2024-05-20 14:00:00,2024-05-13 14:21:58
Police Stories,-80%,"R$ 11,99",82.82%,Sep 2019,2024-05-20 14:00:00,2024-05-06 14:21:59
Razortron 2000,-50%,"R$ 1,74",82.43%,Oct 2016,2024-06-01 14:00:00,2024-05-18 14:01:38
Lara Croft GO,-80%,"R$ 8,29",88.96%,Dec 2016,2024-05-20 14:00:00,2024-05-10 14:01:40
Battlestar Galactica Deadlock,-80%,"R$ 21,59",81.15%,Aug 2017,2024-05-20 14:00:00,2024-05-13 14:22:00
Pathway,-60%,"R$ 19,99",73.78%,Apr 2019,2024-05-20 14:00:00,2024-05-13 14:22:00
Alwa's Awakening,-81%,"R$ 6,26",76.62%,Feb 2017,2024-05-20 14:00:00,2024-05-13 14:22:00
The Talos Principle VR,-70%,"R$ 26,69",79.18%,Oct 2017,2024-05-30 14:00:00,2024-05-16 14:01:50
Serious Sam VR: The First Encounter,-90%,"R$ 5,99",81.67%,Mar 2017,2024-05-23 14:00:00,2024-05-16 14:01:50
Trainz Railroad Simulator 2019,-83%,"R$ 45,60",73.03%,Jan 2019,1969-12-31 21:00:00,2024-05-13 14:22:01
My Friend Pedro,-75%,"R$ 14,99",93.64%,Jun 2019,2024-05-23 14:00:00,2024-05-16 14:01:50
Stories Untold,-80%,"R$ 6,59",84.39%,Feb 2017,2024-05-23 14:00:00,2024-05-16 14:01:50
Witch It,-80%,"R$ 11,99",86.67%,Oct 2020,2024-05-21 14:00:00,2024-05-10 14:01:41
Warstone TD,-80%,"R$ 5,79",79.98%,May 2018,2024-05-29 14:00:00,2024-05-15 14:01:46
Serious Sam Fusion 2017 (beta),-90%,"R$ 5,99",89.74%,—,2024-05-23 14:00:00,2024-05-16 14:01:51
The Search,-70%,"R$ 4,13",70.93%,Apr 2017,2024-06-01 14:00:00,2024-05-18 14:01:40
Serious Sam 3 VR: BFE,-85%,"R$ 13,34",80.24%,Nov 2017,2024-05-23 14:00:00,2024-05-16 14:01:51
The Land of Pain,-75%,"R$ 9,62",71.48%,Sep 2017,2024-05-25 14:00:00,2024-05-11 13:05:01
Steel Division: Normandy 44,-66%,"R$ 24,47",72.77%,May 2017,2024-05-23 14:00:00,2024-05-09 14:01:56
Pikuniku,-80%,"R$ 8,39",92.59%,Jan 2019,2024-05-23 14:00:00,2024-05-16 14:01:51
Dead In Vinland,-80%,"R$ 11,99",74.74%,Apr 2018,2024-05-20 14:00:00,2024-05-13 14:22:03
AI War 2,-75%,"R$ 14,99",84.28%,Oct 2019,2024-05-20 14:00:00,2024-05-13 14:22:03
GORN,-50%,"R$ 29,99",91.16%,Jul 2019,2024-05-23 14:00:00,2024-05-16 14:01:52
Bloody Trapland 2: Curiosity,-75%,"R$ 8,24",77.98%,Feb 2019,2024-05-20 14:00:00,2024-05-13 14:22:04
Assassin's Creed® Origins,-85%,"R$ 26,99",85.30%,Oct 2017,2024-05-26 14:00:00,2024-05-15 14:01:47
Black Desert,-70%,"R$ 5,23",74.07%,May 2017,2024-05-21 14:00:00,2024-05-14 14:01:38
Faerie Solitaire Remastered,-90%,"R$ 2,89",81.44%,Dec 2017,2024-05-20 14:00:00,2024-05-13 14:22:05
Big Bia,-50%,"R$ 14,49",70.15%,Jun 2022,2024-05-29 14:00:00,2024-05-15 14:01:47
Blazing Beaks,-75%,"R$ 7,24",81.76%,May 2019,2024-05-20 14:00:00,2024-05-13 14:22:05
The Wizards - Enhanced Edition,-66%,"R$ 16,14",72.96%,Mar 2018,2024-05-20 14:00:00,2024-05-13 14:22:05
One Dog Story,-90%,"R$ 2,48",74.45%,Apr 2017,2024-05-20 14:00:00,2024-05-13 14:22:05
Dead Cells,-50%,"R$ 23,74",95.88%,Aug 2018,2024-05-20 14:00:00,2024-05-13 14:22:05
Ni no Kuni™ II: Revenant Kingdom,-85%,"R$ 51,36",82.14%,Mar 2018,2024-05-20 14:00:00,2024-05-13 14:22:05
The Red Strings Club,-75%,"R$ 11,74",91.56%,Jan 2018,2024-05-23 14:00:00,2024-05-09 14:01:57
CPU Invaders,-90%,"R$ 1,74",79.44%,Feb 2017,2024-05-30 14:00:00,2024-05-16 15:05:02
Hyper Knights,-75%,"R$ 4,24",83.56%,May 2017,2024-05-20 14:00:00,2024-05-13 14:22:06
Slasher's Keep,-65%,"R$ 9,76",80.76%,Nov 2020,2024-05-20 14:00:00,2024-05-13 14:22:06
HUNTDOWN,-80%,"R$ 11,99",90.96%,May 2021,2024-05-28 14:00:00,2024-05-14 08:20:02
The Vagrant,-80%,"R$ 2,75",87.34%,Jul 2018,2024-05-24 14:00:00,2024-05-09 21:05:03
The Blackout Club,-50%,"R$ 28,99",75.87%,Jul 2019,2024-05-20 14:00:00,2024-05-13 14:22:06
Weapon Shop Fantasy,-50%,"R$ 10,34",77.05%,Feb 2017,2024-05-29 14:00:00,2024-05-15 14:01:49
A Robot Named Fight!,-75%,"R$ 6,72",83.02%,Sep 2017,2024-05-20 14:00:00,2024-05-13 14:22:07
Star of Providence,-50%,"R$ 23,49",92.73%,Jun 2017,2024-05-20 14:00:00,2024-05-13 14:22:07
"Flashing Lights - Police, Firefighting, Emergency Services (EMS) Simulator",-66%,"R$ 16,14",80.29%,May 2023,2024-05-20 14:00:00,2024-05-13 14:22:07
Moonlighter,-85%,"R$ 6,15",80.87%,May 2018,2024-05-20 14:00:00,2024-05-13 14:22:07
Minit,-80%,"R$ 6,59",85.72%,Apr 2018,2024-05-23 14:00:00,2024-05-16 14:01:55
SPACEPLAN,-67%,"R$ 3,46",87.65%,May 2017,2024-05-23 14:00:00,2024-05-16 14:01:56
Remnant: From the Ashes,-70%,"R$ 22,64",83.45%,Aug 2019,2024-05-27 14:00:00,2024-05-13 14:22:09
Gloom,-75%,"R$ 8,24",78.40%,Apr 2017,2024-05-20 14:00:00,2024-05-13 14:22:09
The Swords of Ditto: Mormo's Curse,-80%,"R$ 9,39",61.51%,Apr 2018,2024-05-23 14:00:00,2024-05-16 14:01:56
Weedcraft Inc,-75%,"R$ 14,99",77.78%,Apr 2019,2024-05-23 14:00:00,2024-05-16 14:01:56
Battlezone: Combat Commander,-81%,"R$ 7,21",84.38%,Mar 2018,2024-05-20 14:00:00,2024-05-07 14:01:45
TT Isle of Man: Ride on the Edge,-80%,"R$ 9,59",69.13%,Mar 2018,2024-05-20 14:00:00,2024-05-13 14:22:10
Sword Art Online: Fatal Bullet,-85%,"R$ 23,98",78.15%,Feb 2018,2024-05-20 14:00:00,2024-05-13 14:22:10
Tangledeep,-60%,"R$ 11,19",79.76%,Feb 2018,2024-05-20 14:00:00,2024-05-13 14:22:10
Mana Spark,-67%,"R$ 8,21",74.57%,Sep 2018,2024-05-20 14:00:00,2024-05-13 14:22:10
Hobo: Tough Life,-60%,"R$ 35,59",81.92%,Apr 2021,2024-05-20 14:00:00,2024-05-13 14:22:10
Risk of Rain 2,-50%,"R$ 29,99",95.22%,Aug 2020,2024-05-20 14:00:00,2024-05-13 14:22:10
BATTLETECH,-75%,"R$ 35,99",81.95%,Apr 2018,2024-05-23 14:00:00,2024-05-09 14:02:01
Youropa,-75%,"R$ 7,24",82.10%,Jun 2018,2024-05-22 14:00:00,2024-05-08 14:01:48
Will Glow the Wisp,-70%,"R$ 2,09",81.21%,Sep 2017,2024-05-20 14:00:00,2024-05-13 14:22:11
Mirror,-60%,"R$ 2,79",94.56%,Apr 2018,2024-05-24 14:00:00,2024-05-09 21:05:03
Slay the Spire,-66%,"R$ 25,49",96.55%,Jan 2019,2024-05-29 14:00:00,2024-05-15 14:01:53
The Crew™ 2,-80%,"R$ 35,99",79.66%,Jun 2018,2024-05-26 14:00:00,2024-05-19 14:01:45
Warbanners,-70%,"R$ 11,39",68.15%,Oct 2017,2024-05-20 14:00:00,2024-05-13 14:22:12
V-Rally 4,-90%,"R$ 6,99",63.81%,Sep 2018,2024-05-20 14:00:00,2024-05-13 14:22:13
Mysteria ~Occult Shadows~,-80%,"R$ 8,39",64.10%,Sep 2020,2024-05-24 14:00:00,2024-05-09 21:05:03
8Doors: Arum's Afterlife Adventure,-80%,"R$ 11,99",74.76%,Apr 2021,2024-05-30 14:00:00,2024-05-16 14:01:59
Tricolour Lovestory,-70%,"R$ 2,09",80.70%,Sep 2017,2024-05-24 14:00:00,2024-05-09 21:05:03
BDSM: Big Drunk Satanic Massacre,-88%,"R$ 4,55",83.31%,Oct 2019,2024-05-20 14:00:00,2024-05-13 14:22:14
Academia : School Simulator,-50%,"R$ 35,99",82.23%,Sep 2017,2024-05-23 14:00:00,2024-05-09 14:02:04
Stick Fight: The Game,-60%,"R$ 6,00",92.38%,Sep 2017,2024-05-29 14:00:00,2024-05-15 14:01:55
Batman: The Enemy Within - The Telltale Series,-50%,"R$ 25,00",88.81%,Aug 2017,2024-05-20 14:00:00,2024-05-13 14:22:14
Time Warpers,-50%,"R$ 18,99",79.22%,Jan 2020,2024-05-31 14:00:00,2024-05-17 14:01:44
Heroes of Hammerwatch,-60%,"R$ 15,39",85.26%,Mar 2018,2024-05-20 14:00:00,2024-05-13 14:22:17
OUTRIDERS,-50%,"R$ 45,45",65.58%,Apr 2021,2024-05-21 14:00:00,2024-05-08 14:01:50
Descenders,-70%,"R$ 14,24",91.86%,May 2019,2024-05-20 14:00:00,2024-05-13 14:22:15
Drug Dealer Simulator,-87%,"R$ 4,93",85.66%,Apr 2020,2024-05-20 14:00:00,2024-05-13 14:22:15
GRIS,-80%,"R$ 9,39",94.94%,Dec 2018,2024-05-23 14:00:00,2024-05-09 14:02:05
Bridge Constructor Portal,-90%,"R$ 3,29",88.52%,Dec 2017,2024-05-22 14:00:00,2024-05-15 14:01:55
Surviving the Aftermath,-70%,"R$ 32,39",69.38%,Nov 2021,2024-05-23 14:00:00,2024-05-09 14:02:05
Tokyo Dark,-75%,"R$ 8,49",81.37%,Sep 2017,2024-05-21 14:00:00,2024-05-08 14:01:51
Another Lost Phone: Laura's Story,-72%,"R$ 2,23",85.83%,Sep 2017,2024-05-27 14:00:00,2024-05-13 14:22:16
Ash of Gods: Redemption,-80%,"R$ 14,79",71.71%,Mar 2018,2024-05-20 14:00:00,2024-05-13 14:22:17
Metaverse Keeper / 元能失控,-75%,"R$ 7,24",74.33%,Apr 2019,2024-05-20 14:00:00,2024-05-13 14:22:17
Human-powered spacecraft,-50%,"R$ 1,74",87.35%,May 2018,2024-05-20 14:00:00,2024-05-13 14:22:17
Feudal Alloy,-90%,"R$ 3,29",68.42%,Jan 2019,2024-05-31 14:00:00,2024-05-17 14:01:45
Despotism 3k,-60%,"R$ 6,63",75.74%,Nov 2018,2024-05-20 14:00:00,2024-05-13 14:22:18
Diamo XL,-50%,"R$ 1,74",86.79%,Oct 2017,2024-05-20 14:00:00,2024-05-13 14:22:19
Reigns: Her Majesty,-67%,"R$ 3,46",79.67%,Dec 2017,2024-05-23 14:00:00,2024-05-16 14:02:03
Scythe: Digital Edition,-60%,"R$ 23,99",86.18%,Sep 2018,2024-05-20 14:00:00,2024-05-14 03:55:02
Cultist Simulator,-50%,"R$ 18,99",77.85%,May 2018,2024-05-20 14:00:00,2024-05-13 14:22:19
Age of Wonders: Planetfall,-66%,"R$ 36,71",78.06%,Aug 2019,2024-05-23 14:00:00,2024-05-09 14:02:08
CASE 2: Animatronics Survival,-76%,"R$ 7,91",79.84%,Aug 2018,2024-05-20 14:00:00,2024-05-13 14:22:20
Adventure Time: Pirates of the Enchiridion,-60%,"R$ 18,99",84.13%,Jul 2018,2024-05-20 14:00:00,2024-05-13 14:22:20
Blackout Z: Slaughterhouse Edition,-50%,"R$ 1,74",79.50%,Oct 2017,2024-06-01 14:00:00,2024-05-18 14:01:50
Juicy Realm,-50%,"R$ 10,34",84.62%,May 2018,2024-05-20 14:00:00,2024-05-13 14:22:20
Superflight,-50%,"R$ 5,24",93.59%,Nov 2017,2024-05-20 14:00:00,2024-05-13 14:22:20
Neversong,-70%,"R$ 14,69",82.37%,May 2020,2024-05-20 14:00:00,2024-05-06 14:22:22
Flynn: Son of Crimson,-60%,"R$ 23,99",79.55%,Sep 2021,2024-05-20 14:00:00,2024-05-13 14:22:21
Drake Hollow,-70%,"R$ 29,99",75.34%,Oct 2020,2024-05-26 14:00:00,2024-05-16 14:02:05
Deadly Days,-90%,"R$ 2,48",82.67%,Sep 2019,2024-05-27 14:00:00,2024-05-13 14:22:21
Temtem,-60%,"R$ 53,99",80.77%,Sep 2022,2024-05-20 14:00:00,2024-05-13 14:22:22
Shadow of the Tomb Raider: Definitive Edition,-89%,"R$ 41,24",82.87%,Sep 2018,1969-12-31 21:00:00,2024-05-10 14:01:53
Forager,-65%,"R$ 13,29",88.52%,Apr 2019,2024-05-20 14:00:00,2024-05-13 14:22:22
Black Future '88,-90%,"R$ 5,99",69.18%,Nov 2019,2024-05-20 14:00:00,2024-05-13 14:22:22
STAY,-90%,"R$ 2,48",66.91%,May 2018,2024-05-20 14:00:00,2024-05-13 14:22:23
TOKYO GHOUL:re [CALL to EXIST],-90%,"R$ 15,99",68.80%,Nov 2019,2024-05-20 14:00:00,2024-05-13 14:22:23
Truberbrook / Trüberbrook,-95%,"R$ 4,44",69.86%,Mar 2019,2024-05-21 14:00:00,2024-05-15 14:02:02
Sable,-65%,"R$ 25,89",83.51%,Sep 2021,2024-05-23 14:00:00,2024-05-09 14:02:12
Broken Reality,-85%,"R$ 4,34",88.74%,Nov 2018,2024-05-23 14:00:00,2024-05-16 14:02:06
Ukrainian ball in search of gas,-50%,"R$ 1,74",87.71%,Dec 2017,2024-05-20 14:00:00,2024-05-13 14:22:24
Mutant Year Zero: Road to Eden,-60%,"R$ 36,79",88.55%,Dec 2018,2024-05-20 14:00:00,2024-05-13 14:22:24
EARTHLOCK,-85%,"R$ 13,50",69.93%,Mar 2018,2024-05-20 14:00:00,2024-05-13 14:22:24
Depraved,-90%,"R$ 3,79",60.62%,Sep 2019,2024-05-20 14:00:00,2024-05-13 14:22:24
The Messenger,-80%,"R$ 11,99",90.98%,Aug 2018,2024-05-23 14:00:00,2024-05-16 14:02:06
Game Dev Studio,-70%,"R$ 9,89",80.02%,Mar 2018,2024-05-27 14:00:00,2024-05-13 14:22:25
Gay World,-50%,"R$ 1,74",78.25%,Jan 2018,2024-05-20 14:00:00,2024-05-13 14:22:26
妄想症：Deliver Me,-70%,"R$ 2,09",83.57%,Aug 2018,2024-05-24 14:00:00,2024-05-09 21:05:03
Tick Tock: A Tale for Two,-60%,"R$ 7,60",84.27%,Mar 2019,2024-05-24 14:00:00,2024-05-17 14:01:49
MXGP PRO,-90%,"R$ 12,45",81.08%,Jun 2018,2024-05-20 14:00:00,2024-05-13 14:22:28
Jupiter Hell,-60%,"R$ 18,99",87.63%,Aug 2021,2024-05-20 14:00:00,2024-05-13 14:22:30
Assassin's Creed® Odyssey,-85%,"R$ 26,99",88.15%,Oct 2018,2024-05-26 14:00:00,2024-05-15 14:02:05
SpellForce 3 Soul Harvest,-80%,"R$ 7,59",81.25%,May 2019,2024-06-01 14:00:00,2024-05-18 14:01:56
No Time to Relax,-50%,"R$ 13,94",87.91%,Feb 2019,2024-05-20 14:00:00,2024-05-15 08:25:02
Star Valor,-60%,"R$ 29,59",85.66%,Aug 2022,2024-05-20 14:00:00,2024-05-13 14:22:32
Signal Simulator,-50%,"R$ 18,50",78.17%,Apr 2018,2024-05-20 14:00:00,2024-05-13 14:22:33
Siralim 3,-50%,"R$ 23,49",89.05%,Oct 2018,2024-05-20 14:00:00,2024-05-13 14:22:33
Fox Hime Zero,-70%,"R$ 2,09",93.84%,May 2018,2024-05-24 14:00:00,2024-05-09 21:05:03
ΔV: Rings of Saturn,-50%,"R$ 10,34",89.39%,Jul 2023,2024-05-20 14:00:00,2024-05-13 14:22:34
Roundguard,-75%,"R$ 14,99",77.73%,Mar 2020,2024-05-20 14:00:00,2024-05-13 14:22:34
PHOGS!,-55%,"R$ 21,37",82.25%,Dec 2020,2024-05-21 14:00:00,2024-05-07 14:01:57
Nevergrind Online,-50%,"R$ 19,24",83.50%,Jun 2022,2024-05-20 14:00:00,2024-05-13 14:22:35
Ikenfell,-70%,"R$ 11,39",86.15%,Oct 2020,2024-05-20 14:00:00,2024-05-13 14:22:36
Void Bastards,-70%,"R$ 17,39",83.21%,May 2019,2024-05-20 14:00:00,2024-05-13 14:22:36
Marble It Up! Ultra,-60%,"R$ 35,59",87.38%,Nov 2018,2024-05-31 14:00:00,2024-05-17 14:01:53
The Eternal Cylinder,-65%,"R$ 25,89",81.78%,Oct 2022,2024-05-23 14:00:00,2024-05-16 14:02:14
ЕСТЬ ДВА СТУЛА,-50%,"R$ 1,74",83.10%,Jun 2018,2024-05-22 14:00:00,2024-05-08 14:02:04
Crying Suns,-70%,"R$ 14,24",83.14%,Sep 2019,2024-05-20 14:00:00,2024-05-13 14:22:38
The Forgotten City,-65%,"R$ 25,89",93.25%,Jul 2021,2024-05-27 14:00:00,2024-05-13 14:22:38
YORG.io,-80%,"R$ 2,75",83.98%,May 2019,2024-05-27 14:00:00,2024-05-13 14:22:39
Tunche,-60%,"R$ 15,19",71.45%,Nov 2021,2024-05-20 14:00:00,2024-05-06 14:22:38
Hell Pie,-66%,"R$ 25,15",85.98%,Jul 2022,2024-05-21 14:00:00,2024-05-15 14:02:12
Valheim,-50%,"R$ 18,99",93.82%,Feb 2021,2024-05-28 14:00:00,2024-05-14 08:20:02
Death's Door,-75%,"R$ 14,99",91.15%,Jul 2021,2024-05-23 14:00:00,2024-05-16 14:02:17
Project Wingman,-50%,"R$ 23,74",91.16%,Dec 2020,2024-05-20 14:00:00,2024-05-13 14:22:40
Eternal Edge +,-90%,"R$ 2,89",68.71%,May 2022,2024-05-30 14:00:00,2024-05-16 14:02:19
Reigns: Game of Thrones,-67%,"R$ 4,55",74.57%,Oct 2018,2024-05-23 14:00:00,2024-05-16 14:02:19
Heave Ho,-60%,"R$ 13,19",87.50%,Aug 2019,2024-05-23 14:00:00,2024-05-16 14:02:18
Observation,-75%,"R$ 18,49",76.41%,May 2020,2024-05-23 14:00:00,2024-05-16 14:02:18
Stronghold: Warlords,-90%,"R$ 7,99",64.03%,Mar 2021,2024-05-20 14:00:00,2024-05-13 14:22:42
HALF DEAD 2,-50%,"R$ 4,49",81.28%,Aug 2019,2024-05-20 14:00:00,2024-05-13 14:22:42
ULTIMATE HARDBASS DEFENCE,-80%,"R$ 2,75",88.01%,Apr 2019,2024-05-21 14:00:00,2024-05-15 14:02:14
Gato Roboto,-75%,"R$ 6,62",91.17%,May 2019,2024-05-23 14:00:00,2024-05-16 14:02:19
Golf Peaks,-59%,"R$ 15,47",88.67%,Nov 2018,1969-12-31 21:00:00,2024-05-13 14:22:43
Arboria,-90%,"R$ 3,79",74.46%,Sep 2021,2024-05-20 14:00:00,2024-05-13 14:22:43
CHANGE: A Homeless Survival Experience,-60%,"R$ 14,79",87.57%,May 2020,2024-05-20 14:00:00,2024-05-13 14:22:44
Touhou Genso Wanderer -Reloaded-,-50%,"R$ 69,99",89.01%,Oct 2018,2024-05-20 14:00:00,2024-05-13 14:22:44
Life is Strange: True Colors,-70%,"R$ 89,97",87.31%,Sep 2021,2024-05-21 14:00:00,2024-05-08 14:02:08
TAPSONIC BOLD,-70%,"R$ 11,39",72.03%,Mar 2019,2024-05-20 14:00:00,2024-05-13 14:22:45
Townsmen - A Kingdom Rebuilt,-80%,"R$ 10,99",66.52%,Feb 2019,2024-05-20 14:00:00,2024-05-13 14:22:45
Darksburg,-75%,"R$ 7,24",62.90%,Sep 2020,2024-05-20 14:00:00,2024-05-13 14:22:45
Far Cry® New Dawn,-85%,"R$ 44,99",75.08%,Feb 2019,2024-05-31 14:00:00,2024-05-17 14:01:56
The Textorcist: The Story of Ray Bibbia,-88%,"R$ 5,63",78.52%,Feb 2019,2024-05-22 14:00:00,2024-05-15 14:02:16
Colt Canyon,-80%,"R$ 9,39",83.88%,Jun 2020,2024-05-22 14:00:00,2024-05-15 14:02:16
Sparklite,-85%,"R$ 7,12",73.87%,Nov 2019,2024-05-20 14:00:00,2024-05-13 14:22:46
The logic of the miniature garden,-80%,"R$ 6,59",81.28%,Jun 2019,2024-05-24 14:00:00,2024-05-09 21:05:03
Nanotale - Typing Chronicles,-60%,"R$ 18,39",74.95%,Mar 2021,2024-05-27 14:00:00,2024-05-13 14:22:46
DreadOut 2,-50%,"R$ 18,99",72.54%,Feb 2020,2024-05-24 14:00:00,2024-05-14 11:05:02
Grim Nights,-50%,"R$ 5,24",84.48%,Oct 2018,2024-05-20 14:00:00,2024-05-13 14:22:46
Dead Age 2: The Zombie Survival RPG,-80%,"R$ 10,99",73.77%,Mar 2021,2024-05-22 14:00:00,2024-05-15 14:02:17
CARRION,-70%,"R$ 17,99",92.30%,Jul 2020,2024-05-23 14:00:00,2024-05-16 14:02:22
Bloons TD 6,-65%,"R$ 9,76",96.30%,Dec 2018,2024-05-24 14:00:00,2024-05-17 14:01:58
DJMAX RESPECT V,-80%,"R$ 19,79",86.83%,Mar 2020,2024-05-20 14:00:00,2024-05-13 14:22:48
One Step From Eden,-60%,"R$ 15,19",90.58%,Mar 2020,2024-05-20 14:00:00,2024-05-13 14:22:48
Hell is Others,-50%,"R$ 12,49",71.53%,Oct 2022,2024-05-20 14:00:00,2024-05-13 14:22:49
The Settlers® : Rise of an Empire - History Edition,-60%,"R$ 14,39",73.06%,Jan 2019,2024-05-31 14:00:00,2024-05-17 14:01:59
Root,-60%,"R$ 11,59",86.02%,Sep 2020,2024-05-20 14:00:00,2024-05-06 14:22:48
DOKA 2 KISHKI EDITION,-50%,"R$ 1,74",81.25%,Nov 2018,2024-05-29 14:00:00,2024-05-15 14:02:18
The Dungeon Of Naheulbeuk: The Amulet Of Chaos,-70%,"R$ 21,89",85.01%,Sep 2020,2024-05-27 14:00:00,2024-05-13 14:22:49
Toilet Simulator 2020,-50%,"R$ 1,74",67.48%,Jan 2019,2024-05-22 14:00:00,2024-05-08 14:02:12
Thronebreaker: The Witcher Tales,-75%,"R$ 13,99",86.65%,Nov 2018,2024-05-26 14:00:00,2024-05-16 14:02:24
Silver Chains,-95%,"R$ 3,69",68.93%,Aug 2019,2024-05-22 14:00:00,2024-05-15 14:02:19
Legend of Keepers: Career of a Dungeon Manager,-80%,"R$ 7,99",76.91%,Apr 2021,2024-05-20 14:00:00,2024-05-13 14:22:50
One Finger Death Punch 2,-75%,"R$ 4,14",92.69%,Apr 2019,2024-05-20 14:00:00,2024-05-13 14:22:50
Dealer's Life,-50%,"R$ 14,99",87.87%,Jan 2019,2024-05-26 14:00:00,2024-05-12 14:01:52
Interstellar Space: Genesis,-67%,"R$ 19,13",78.85%,Jul 2019,2024-05-20 14:00:00,2024-05-13 14:22:51
Expeditions: Rome,-60%,"R$ 33,99",85.56%,Jan 2022,2024-05-20 14:00:00,2024-05-13 14:22:51
Phantom Abyss,-50%,"R$ 29,99",81.01%,Jan 2024,2024-05-23 14:00:00,2024-05-16 14:02:25
Conan Unconquered,-60%,"R$ 23,99",66.55%,May 2019,2024-05-20 14:00:00,2024-05-13 14:22:52
Fae Tactics,-70%,"R$ 11,39",81.34%,Jul 2020,2024-05-20 14:00:00,2024-05-13 14:22:52
Ring of Pain,-70%,"R$ 11,39",88.35%,Oct 2020,2024-05-20 14:00:00,2024-05-13 14:22:54
Zengeon,-76%,"R$ 9,11",65.24%,Jun 2019,2024-05-20 14:00:00,2024-05-13 14:22:54
Mirror Maker,-60%,"R$ 2,79",68.93%,Jan 2019,2024-05-24 14:00:00,2024-05-09 21:05:03
SWORD ART ONLINE Alicization Lycoris,-81%,"R$ 56,98",60.32%,Jul 2020,2024-05-20 14:00:00,2024-05-13 14:22:54
Moons of Madness,-60%,"R$ 29,59",74.83%,Oct 2019,2024-05-20 14:00:00,2024-05-13 14:22:54
Evoland Legendary Edition,-75%,"R$ 9,24",78.44%,Feb 2019,2024-05-21 01:00:00,2024-05-13 01:05:01
KumaKuma Manga Editor,-80%,"R$ 4,09",73.46%,Feb 2019,2024-05-24 14:00:00,2024-05-09 21:05:03
Fantasy General II,-70%,"R$ 32,39",79.01%,Sep 2019,2024-05-20 14:00:00,2024-05-13 14:22:55
Симулятор Сидения у Подъезда,-50%,"R$ 1,74",80.76%,Apr 2019,2024-05-22 14:00:00,2024-05-08 14:02:17
Lust from Beyond,-58%,"R$ 15,95",79.17%,Mar 2021,2024-05-20 14:00:00,2024-05-13 14:22:57
Nyasha,-50%,"R$ 1,74",75.38%,Mar 2019,2024-05-29 14:00:00,2024-05-15 14:02:25
ScourgeBringer,-75%,"R$ 9,99",84.22%,Oct 2020,2024-05-27 14:00:00,2024-05-13 14:22:57
Fluffy Store,-70%,"R$ 2,09",92.85%,Aug 2019,2024-05-24 14:00:00,2024-05-09 21:05:03
Curious Expedition 2,-65%,"R$ 13,29",85.85%,Jan 2021,2024-05-20 14:00:00,2024-05-13 14:22:57
Hentai Waifu,-50%,"R$ 1,74",78.18%,Mar 2019,2024-06-01 14:00:00,2024-05-18 14:02:13
ISLANDERS,-65%,"R$ 5,94",92.37%,Apr 2019,2024-05-26 14:00:00,2024-05-12 14:01:55
Peekaboo,-80%,"R$ 2,75",76.21%,Aug 2019,2024-06-02 14:00:00,2024-05-19 14:02:06
Nigate Tale,-61%,"R$ 14,81",67.16%,Apr 2021,2024-05-20 14:00:00,2024-05-13 14:22:58
Paper Dolls: Original / 纸人,-50%,"R$ 16,49",83.30%,Apr 2019,2024-05-19 20:00:00,2024-05-05 20:05:01
Wingspan,-50%,"R$ 29,99",91.47%,Sep 2020,2024-05-27 14:00:00,2024-05-13 13:05:02
MY HERO ONE'S JUSTICE 2,-85%,"R$ 23,23",84.64%,Sep 2023,2024-05-20 14:00:00,2024-05-13 14:22:59
Trombone Champ,-60%,"R$ 11,59",94.86%,Sep 2022,2024-05-21 14:00:00,2024-05-14 14:02:08
Metal: Hellsinger,-60%,"R$ 31,63",93.64%,Sep 2022,2024-05-20 14:00:00,2024-05-13 14:22:59
UNSIGHTED,-60%,"R$ 19,99",88.83%,Sep 2021,2024-05-20 14:00:00,2024-05-13 14:22:59
Poly Bridge 2,-80%,"R$ 5,79",92.26%,May 2020,2024-05-20 14:00:00,2024-05-13 14:22:59
Evil West,-65%,"R$ 62,96",73.36%,Nov 2022,2024-06-02 14:00:00,2024-05-19 14:02:07
Devolver Bootleg,-70%,"R$ 5,09",84.50%,Jun 2019,2024-05-23 14:00:00,2024-05-16 14:02:32
Transport Fever 2,-55%,"R$ 48,59",87.96%,Dec 2019,2024-05-20 14:00:00,2024-05-13 14:23:00
月影魅像-解放之羽-,-65%,"R$ 23,09",93.52%,Jul 2019,2024-05-26 14:00:00,2024-05-18 13:05:01
Rogue Lords,-70%,"R$ 14,99",68.79%,Sep 2021,2024-05-20 14:00:00,2024-05-13 14:23:00
Banners of Ruin,-70%,"R$ 11,39",77.09%,Jul 2021,2024-05-23 14:00:00,2024-05-16 11:05:02
Roguebook,-70%,"R$ 32,99",81.16%,Jun 2021,2024-05-20 14:00:00,2024-05-13 14:23:01
She Sees Red - Interactive Movie,-70%,"R$ 5,03",75.20%,Jul 2019,2024-05-20 14:00:00,2024-05-13 14:23:02
TT Isle of Man: Ride on the Edge 2,-75%,"R$ 17,49",78.86%,Mar 2020,2024-05-20 14:00:00,2024-05-13 14:23:02
Marvel's Guardians of the Galaxy,-75%,"R$ 62,49",92.53%,Oct 2021,2024-05-20 14:00:00,2024-05-10 14:02:16
Cyberpunk 2077,-50%,"R$ 99,95",81.51%,Dec 2020,2024-05-26 14:00:00,2024-05-16 14:02:35
Exit From,-70%,"R$ 5,09",82.07%,Apr 2021,2024-05-29 14:00:00,2024-05-15 14:02:32
Rogue Glitch Ultra,-50%,"R$ 19,24",88.50%,Mar 2021,2024-05-20 14:00:00,2024-05-13 14:23:03
Blair Witch,-80%,"R$ 11,59",76.77%,Aug 2019,2024-05-21 14:00:00,2024-05-09 14:02:40
Inscryption,-50%,"R$ 24,99",95.56%,Oct 2021,2024-05-23 14:00:00,2024-05-09 14:02:40
The Wild at Heart,-60%,"R$ 18,99",88.76%,May 2021,2024-05-20 14:00:00,2024-05-13 14:23:04
Tales of the Black Forest,-70%,"R$ 4,13",95.06%,Sep 2019,2024-05-24 14:00:00,2024-05-09 21:05:03
Vampire: The Masquerade - Coteries of New York,-90%,"R$ 3,79",70.79%,Dec 2019,2024-05-27 14:00:00,2024-05-13 14:23:04
Weird West: Definitive Edition,-75%,"R$ 24,99",76.05%,Mar 2022,2024-05-23 14:00:00,2024-05-16 14:02:35
Mortal Glory,-50%,"R$ 13,24",81.69%,Jan 2020,2024-05-20 14:00:00,2024-05-13 14:23:04
Jack Move,-50%,"R$ 18,99",77.44%,Sep 2022,2024-05-20 14:00:00,2024-05-06 14:23:05
LEGIONCRAFT,-50%,"R$ 13,94",76.41%,Aug 2022,2024-05-29 14:00:00,2024-05-15 14:02:32
Hydroneer,-50%,"R$ 23,49",85.35%,May 2020,2024-05-20 14:00:00,2024-05-13 14:23:05
I got a cat maid,-60%,"R$ 1,79",80.45%,Aug 2019,2024-05-24 14:00:00,2024-05-16 23:05:02
As Far As The Eye,-75%,"R$ 11,87",70.81%,Sep 2020,2024-05-20 14:00:00,2024-05-13 14:23:07
Curse of the Dead Gods,-65%,"R$ 26,21",82.18%,Feb 2021,2024-05-30 14:00:00,2024-05-16 14:02:37
HUMANKIND™,-75%,"R$ 39,75",66.56%,Aug 2021,2024-05-23 14:00:00,2024-05-16 14:02:38
STORM AREA 51: AYY LMAO EDITION,-50%,"R$ 1,74",74.77%,Sep 2019,2024-05-29 14:00:00,2024-05-15 14:02:35
There Is No Light: Enhanced Edition,-50%,"R$ 29,99",68.85%,Sep 2022,2024-05-20 14:00:00,2024-05-06 14:23:10
Anarchy: Wolf's law,-78%,"R$ 11,81",75.95%,Jun 2023,1969-12-31 21:00:00,2024-05-11 14:02:01
Unpacking,-50%,"R$ 29,99",90.91%,Nov 2021,2024-05-20 14:00:00,2024-05-13 14:23:08
Internet Cafe Simulator,-65%,"R$ 11,54",71.36%,Oct 2019,2024-05-20 14:00:00,2024-05-13 14:23:09
Black Book,-60%,"R$ 31,99",89.81%,Aug 2021,2024-05-20 14:00:00,2024-05-06 14:23:11
Monster Prom 2: Monster Camp,-66%,"R$ 8,46",93.40%,Oct 2020,2024-05-23 14:00:00,2024-05-09 14:02:44
Pawnbarian,-50%,"R$ 10,34",84.37%,Sep 2021,2024-05-20 14:00:00,2024-05-13 14:23:09
SLUDGE LIFE,-80%,"R$ 9,39",87.49%,Jun 2021,2024-05-23 14:00:00,2024-05-16 14:02:39
DungeonTop,-53%,"R$ 14,56",78.16%,Jun 2020,2024-05-20 14:00:00,2024-05-13 14:23:10
Skul: The Hero Slayer,-50%,"R$ 29,99",91.63%,Jan 2021,2024-05-30 14:00:00,2024-05-16 14:02:39
Wizard with a Gun,-50%,"R$ 29,99",78.19%,Oct 2023,2024-05-23 14:00:00,2024-05-13 14:23:10
Elmarion: Dragon time,-50%,"R$ 14,49",71.53%,Mar 2020,2024-05-28 14:00:00,2024-05-14 14:02:14
SpellForce 3 Fallen God,-80%,"R$ 7,59",83.62%,Nov 2020,2024-06-01 14:00:00,2024-05-18 14:02:21
King Arthur: Knight's Tale,-60%,"R$ 48,79",81.30%,Apr 2022,2024-05-23 14:00:00,2024-05-09 14:02:46
Crusader Kings III,-60%,"R$ 71,99",90.21%,Sep 2020,2024-05-23 14:00:00,2024-05-09 14:02:46
Orbital Bullet – The 360° Rogue-lite,-80%,"R$ 6,59",81.28%,Mar 2022,2024-05-20 14:00:00,2024-05-06 14:23:14
Foretales,-50%,"R$ 22,99",82.13%,Sep 2022,2024-05-27 14:00:00,2024-05-13 14:23:12
Carto,-70%,"R$ 11,39",93.55%,Oct 2020,2024-05-20 14:00:00,2024-05-13 14:23:13
INDUSTRIA,-70%,"R$ 17,99",68.89%,Sep 2021,2024-05-21 14:00:00,2024-05-17 14:02:12
Cockwork Industries Complete,-60%,"R$ 7,99",74.18%,Nov 2019,2024-06-02 14:00:00,2024-05-19 17:05:01
Metal Unit,-80%,"R$ 9,39",80.50%,Jan 2021,2024-05-30 14:00:00,2024-05-16 14:02:43
Revita,-50%,"R$ 19,99",79.66%,—,2024-05-27 14:00:00,2024-05-13 14:23:13
TrymenT ―献给渴望改变的你― AlphA篇,-67%,"R$ 29,03",85.87%,Feb 2020,2024-05-26 14:00:00,2024-05-18 13:05:01
Love Rhythm,-50%,"R$ 5,24",74.62%,Nov 2019,2024-05-20 14:00:00,2024-05-13 14:23:14
Pumpkin Jack,-75%,"R$ 22,24",88.82%,Oct 2020,2024-05-22 14:00:00,2024-05-15 14:02:41
Ludus,-65%,"R$ 11,54",66.83%,Feb 2020,2024-05-20 14:00:00,2024-05-13 14:23:16
Gift Girl,-60%,"R$ 2,79",63.28%,Mar 2020,2024-06-02 14:00:00,2024-05-19 06:05:02
My Cute Fuhrer,-60%,"R$ 2,79",82.50%,Apr 2020,2024-05-27 14:00:00,2024-05-13 14:23:16
MX vs ATV Legends,-50%,"R$ 37,50",67.95%,Jun 2022,2024-05-20 14:00:00,2024-05-13 14:23:16
ВЗЛОМ ЖОПЫ,-50%,"R$ 1,74",83.01%,Feb 2020,2024-05-22 14:00:00,2024-05-08 14:02:32
Exit the Gungeon,-60%,"R$ 13,19",74.16%,Mar 2020,2024-05-23 14:00:00,2024-05-16 14:02:46
Hotel Renovator,-50%,"R$ 44,95",76.26%,Mar 2023,2024-05-24 14:00:00,2024-05-17 14:02:15
Cartel Tycoon,-73%,"R$ 34,44",74.83%,Jul 2022,2024-05-27 14:00:00,2024-05-13 14:23:18
NORCO,-60%,"R$ 18,79",88.76%,Mar 2022,2024-05-23 14:00:00,2024-05-09 14:02:53
Trigon: Space Story,-70%,"R$ 11,39",67.12%,Apr 2022,2024-05-20 14:00:00,2024-05-13 14:23:19
Despot's Game: Dystopian Battle Simulator,-60%,"R$ 15,19",82.40%,Sep 2022,2024-05-27 14:00:00,2024-05-13 14:23:19
Disc Room,-67%,"R$ 15,50",88.19%,Oct 2020,2024-05-23 14:00:00,2024-05-16 14:02:48
Paper Beast,-75%,"R$ 11,49",88.01%,Jul 2020,2024-05-27 14:00:00,2024-05-13 14:23:19
Astronarch,-70%,"R$ 8,69",85.59%,Jan 2021,2024-05-20 14:00:00,2024-05-13 14:23:19
Retrowave,-50%,"R$ 5,24",93.10%,May 2022,2024-05-29 14:00:00,2024-05-15 14:02:45
Jurassic World Evolution 2,-70%,"R$ 32,99",86.08%,Nov 2021,2024-05-27 14:00:00,2024-05-16 14:02:50
Golden Light,-50%,"R$ 29,99",85.76%,Mar 2022,2024-05-20 14:00:00,2024-05-13 14:23:21
Cardaclysm,-90%,"R$ 4,69",63.97%,Feb 2021,2024-05-22 14:00:00,2024-05-15 14:02:46
Escape Dungeon,-60%,"R$ 16,79",76.04%,Nov 2020,2024-05-20 14:00:00,2024-05-13 14:23:22
The House of Da Vinci 2,-50%,"R$ 29,99",87.74%,May 2020,2024-05-20 14:00:00,2024-05-13 14:23:22
Streamer Life Simulator,-70%,"R$ 23,26",76.05%,Aug 2020,2024-05-20 14:00:00,2024-05-13 14:23:23
Asterix & Obelix XXL: Romastered,-85%,"R$ 7,94",72.16%,Oct 2020,2024-05-22 14:00:00,2024-05-15 13:05:02
Blightbound,-60%,"R$ 23,99",62.93%,Jul 2021,2024-05-23 14:00:00,2024-05-16 14:02:51
Slipways,-50%,"R$ 16,49",88.46%,Jun 2021,2024-05-20 14:00:00,2024-05-13 14:23:23
Life is Strange Remastered,-50%,"R$ 99,50",80.32%,Feb 2022,2024-05-21 14:00:00,2024-05-08 14:02:36
Life is Strange: Before the Storm Remastered,-50%,"R$ 99,50",70.99%,Feb 2022,2024-05-21 14:00:00,2024-05-08 14:02:36
Rift Wizard,-50%,"R$ 14,49",87.91%,Sep 2021,2024-05-20 14:00:00,2024-05-13 14:23:24
HOT WHEELS UNLEASHED™,-85%,"R$ 29,92",76.39%,Sep 2021,2024-06-01 14:00:00,2024-05-18 14:02:29
Tinkertown,-75%,"R$ 13,12",67.77%,Jun 2023,2024-05-21 14:00:00,2024-05-15 14:02:49
Vampire: The Masquerade - Shadows of New York,-80%,"R$ 5,37",73.25%,Sep 2020,2024-05-27 14:00:00,2024-05-13 14:23:25
Loop Hero,-67%,"R$ 15,50",91.32%,Mar 2021,2024-05-23 14:00:00,2024-05-13 14:23:26
Desktop Kanojo,-50%,"R$ 5,24",82.33%,Apr 2020,2024-05-20 14:00:00,2024-05-13 14:23:26
Daily Wife,-92%,"R$ 2,56",76.33%,Aug 2020,2024-06-02 14:00:00,2024-05-19 06:05:02
Ship of Fools,-60%,"R$ 45,99",77.50%,Nov 2022,2024-05-21 14:00:00,2024-05-14 14:02:23
Siralim Ultimate,-50%,"R$ 29,99",89.85%,Dec 2021,2024-05-20 14:00:00,2024-05-13 14:23:26
Rollerdrome,-67%,"R$ 52,76",87.40%,Aug 2022,2024-05-20 14:00:00,2024-05-06 14:23:31
Archvale,-50%,"R$ 22,49",85.35%,Dec 2021,2024-05-20 14:00:00,2024-05-13 14:23:27
The Shore,-80%,"R$ 4,97",70.88%,Feb 2021,2024-05-20 14:00:00,2024-05-13 14:23:27
Olija,-70%,"R$ 14,09",85.75%,Jan 2021,2024-05-23 14:00:00,2024-05-16 14:02:56
Monster Energy Supercross - The Official Videogame 4,-85%,"R$ 22,42",62.72%,Mar 2021,2024-05-20 14:00:00,2024-05-13 14:23:28
Barro Racing,-90%,"R$ 1,74",80.57%,Sep 2020,2024-05-25 14:00:00,2024-05-11 14:02:10
Escape Dungeon 2,-50%,"R$ 27,49",89.40%,Jan 2022,2024-05-20 14:00:00,2024-05-13 14:23:29
shapez,-78%,"R$ 10,83",93.67%,Jun 2020,2024-05-27 14:00:00,2024-05-13 14:23:30
Alex Kidd in Miracle World DX,-71%,"R$ 42,05",76.60%,Jun 2021,1969-12-31 21:00:00,2024-05-13 14:23:30
Paper Dolls 2 纸人贰,-50%,"R$ 18,99",81.02%,Jul 2020,2024-05-19 20:00:00,2024-05-05 20:05:01
Alba: A Wildlife Adventure,-75%,"R$ 13,12",94.21%,Dec 2020,2024-05-27 14:00:00,2024-05-13 14:23:31
Choice of Life: Middle Ages,-80%,"R$ 3,39",84.71%,Nov 2020,2024-05-20 14:00:00,2024-05-06 14:23:36
McPixel 3,-80%,"R$ 6,59",90.88%,Nov 2022,2024-05-23 14:00:00,2024-05-16 14:02:58
The Dungeon Beneath,-50%,"R$ 23,49",83.24%,Oct 2020,2024-05-20 14:00:00,2024-05-13 14:23:33
Lacuna – A Sci-Fi Noir Adventure,-80%,"R$ 6,19",88.21%,May 2021,2024-05-21 14:00:00,2024-05-08 14:02:43
Blade Assault,-80%,"R$ 6,99",74.00%,Jan 2022,2024-05-30 14:00:00,2024-05-16 14:03:01
Trek to Yomi,-60%,"R$ 23,99",68.43%,May 2022,2024-05-23 14:00:00,2024-05-16 14:03:01
Card Shark,-50%,"R$ 29,99",87.52%,Jun 2022,2024-05-23 14:00:00,2024-05-09 14:03:05
JoJo's Bizarre Adventure: All-Star Battle R,-70%,"R$ 60,75",85.06%,Sep 2022,2024-05-20 14:00:00,2024-05-13 14:23:35
Vampires' Melody,-80%,"R$ 2,75",94.11%,Oct 2020,2024-05-24 14:00:00,2024-05-09 21:05:03
Nickelodeon Kart Racers 2: Grand Prix,-85%,"R$ 5,69",74.39%,Dec 2020,2024-05-20 14:00:00,2024-05-13 14:23:36
Across the Obelisk,-50%,"R$ 35,99",80.59%,Apr 2021,2024-05-23 14:00:00,2024-05-09 14:03:06
Mech Armada,-75%,"R$ 9,49",76.18%,Jun 2022,2024-05-20 14:00:00,2024-05-13 14:23:36
Mind Scanners,-65%,"R$ 11,54",74.17%,May 2021,2024-05-20 14:00:00,2024-05-13 14:23:36
The Crackpet Show,-75%,"R$ 11,75",84.00%,Dec 2022,2024-05-20 14:00:00,2024-05-13 14:23:36
Milk inside a bag of milk inside a bag of milk,-50%,"R$ 1,74",94.76%,Aug 2020,2024-05-20 14:00:00,2024-05-13 14:23:37
Kandidatos,-50%,"R$ 1,74",86.99%,Sep 2020,2024-05-22 14:00:00,2024-05-08 14:02:45
Furry Shades of Gay,-60%,"R$ 9,40",82.69%,Dec 2020,2024-05-30 14:00:00,2024-05-16 13:05:02
SCP Strategy,-85%,"R$ 3,52",82.01%,May 2022,2024-05-20 14:00:00,2024-05-13 14:23:38
Red Dead Online,-50%,"R$ 55,99",82.13%,Dec 2020,2024-05-27 14:00:00,2024-05-13 14:23:38
Nickelodeon All-Star Brawl,-90%,"R$ 9,39",70.26%,Oct 2021,2024-05-20 14:00:00,2024-05-13 14:23:39
Kandidatos Kart,-50%,"R$ 1,74",82.36%,Oct 2020,2024-05-22 14:00:00,2024-05-08 14:02:47
Happy Quest,-70%,"R$ 2,09",78.91%,Nov 2020,2024-05-20 14:00:00,2024-05-13 14:23:39
Souldiers,-65%,"R$ 16,09",65.54%,Jun 2022,2024-05-27 14:00:00,2024-05-13 14:23:40
The Solitaire Conspiracy,-80%,"R$ 4,97",84.29%,Oct 2020,2024-05-20 14:00:00,2024-05-13 14:23:40
Nobody Saves the World,-60%,"R$ 29,59",87.88%,Jan 2022,2024-05-20 14:00:00,2024-05-13 14:23:41
Hentai Furry 2,-50%,"R$ 1,74",79.08%,Nov 2020,2024-05-29 14:00:00,2024-05-15 14:03:02
Road 96 🛣️,-75%,"R$ 24,00",89.36%,Aug 2021,2024-05-20 14:00:00,2024-05-06 14:23:50
Diggles: The Myth of Fenris,-60%,"R$ 8,27",82.76%,Dec 2020,2024-05-29 14:00:00,2024-05-15 11:05:02
Dead Estate,-50%,"R$ 8,99",90.97%,Oct 2021,2024-05-20 14:00:00,2024-05-13 14:23:46
ENDLESS™ Dungeon,-50%,"R$ 79,95",65.17%,Oct 2023,2024-05-20 14:00:00,2024-05-13 14:23:47
Intravenous,-70%,"R$ 17,99",87.45%,Jul 2021,2024-05-20 14:00:00,2024-05-06 14:23:53
Recipe for Disaster,-72%,"R$ 13,15",70.24%,Aug 2022,2024-05-20 14:00:00,2024-05-13 14:23:47
Machinika: Museum,-100%,"R$ 0,00",87.44%,Mar 2021,2024-05-27 14:00:00,2024-05-13 14:23:49
Re: LieF ~ Shin'ainaru Anata e~,-58%,"R$ 27,71",88.43%,Feb 2021,2024-05-26 14:00:00,2024-05-18 13:05:01
Orcs Must Die! 3,-70%,"R$ 26,69",83.22%,Jul 2021,2024-05-27 14:00:00,2024-05-15 12:05:02
Симулятор Прыгания по Гаражам,-50%,"R$ 1,74",75.70%,Dec 2022,2024-05-29 14:00:00,2024-05-15 14:03:09
Distant Worlds 2,-50%,"R$ 67,49",67.83%,Mar 2022,2024-05-20 14:00:00,2024-05-13 14:23:51
Sex and the Furry Titty,-60%,"R$ 9,40",85.84%,Jun 2021,2024-05-30 14:00:00,2024-05-16 13:05:02
My Friend Stalin,-50%,"R$ 1,74",83.73%,Jun 2021,2024-05-28 14:00:00,2024-05-14 14:02:38
Isonzo,-67%,"R$ 29,36",80.46%,Sep 2022,2024-05-31 14:00:00,2024-05-17 14:02:33
ROUNDS,-50%,"R$ 8,99",93.04%,Apr 2021,2024-05-29 14:00:00,2024-05-15 14:03:12
Internet Cafe Simulator 2,-60%,"R$ 23,99",72.25%,Jan 2022,2024-05-26 14:00:00,2024-05-12 14:02:22
IRMÃO Grande & Brasileiro 2,-65%,"R$ 6,99",91.39%,Oct 2021,2024-05-20 14:00:00,2024-05-13 14:23:56
Choice of Life: Middle Ages 2,-50%,"R$ 11,75",89.38%,Sep 2022,2024-05-20 14:00:00,2024-05-06 14:24:01
СИМУЛЯТОР ОДИНОЧЕСТВА В РУССКОЙ ДЕРЕВНЕ,-70%,"R$ 2,09",74.99%,Apr 2021,2024-05-28 14:00:00,2024-05-14 14:02:41
Lil Gator Game,-50%,"R$ 29,99",94.99%,Dec 2022,2024-05-31 14:00:00,2024-05-17 14:02:36
Crypto Mining Simulator,-70%,"R$ 5,09",66.10%,Apr 2021,2024-05-20 14:00:00,2024-05-13 14:23:59
Shanhe,-60%,"R$ 5,79",72.87%,Jul 2023,2024-05-29 14:00:00,2024-05-15 14:03:16
The House of Da Vinci 3,-50%,"R$ 29,99",86.03%,Dec 2022,2024-05-25 14:00:00,2024-05-18 14:02:53
Conquest of Elysium 5,-50%,"R$ 44,49",84.51%,Aug 2021,2024-05-20 14:00:00,2024-05-13 14:24:00
Hellslave,-75%,"R$ 11,49",75.97%,May 2022,2024-05-27 14:00:00,2024-05-13 14:24:01
OTXO,-50%,"R$ 14,49",89.77%,Apr 2023,2024-05-20 14:00:00,2024-05-13 14:24:01
Happy Guy,-60%,"R$ 4,19",74.67%,Sep 2021,2024-05-20 14:00:00,2024-05-13 14:24:01
Noob - The Factionless,-60%,"R$ 31,99",79.60%,Jun 2023,2024-05-22 14:00:00,2024-05-15 13:05:02
Hero's Hour,-50%,"R$ 17,49",77.76%,Mar 2022,2024-05-20 14:00:00,2024-05-13 14:24:05
Minecraft Dungeons,-50%,"R$ 37,47",88.83%,Sep 2021,2024-05-29 14:00:00,2024-05-15 14:03:21
👑 Idle Calibur 👑（选王之剑）,-50%,"R$ 13,24",83.57%,Jan 2022,2024-05-31 14:00:00,2024-05-17 14:02:41
Blade of Darkness,-60%,"R$ 11,59",87.95%,Oct 2021,2024-05-29 14:00:00,2024-05-15 14:03:25
Lumencraft,-55%,"R$ 26,99",75.19%,Feb 2023,2024-05-20 14:00:00,2024-05-13 14:24:13
CaseCracker,-50%,"R$ 10,34",88.73%,Dec 2022,2024-06-02 14:00:00,2024-05-19 14:02:47
Furry Shades of Gay 2: A Shade Gayer,-50%,"R$ 16,49",88.90%,Dec 2021,2024-05-30 14:00:00,2024-05-16 13:05:02
Sex and the Furry Titty 2: Sins of the City,-50%,"R$ 16,49",86.34%,Sep 2022,2024-05-30 14:00:00,2024-05-16 13:05:02
Brewpub Simulator,-54%,"R$ 34,93",60.77%,Jul 2023,2024-05-20 14:00:00,2024-05-13 14:24:18
FORWARD: Escape the Fold - Ultimate Edition,-50%,"R$ 10,34",81.11%,Mar 2022,2024-05-20 14:00:00,2024-05-13 14:24:19
Mirror Party,-70%,"R$ 2,09",60.15%,Dec 2021,2024-05-24 14:00:00,2024-05-09 21:05:03
Aces & Adventures,-57%,"R$ 49,18",87.43%,Feb 2023,1969-12-31 21:00:00,2024-05-13 14:24:25
PANELKI,-80%,"R$ 3,39",84.34%,Mar 2022,2024-05-27 14:00:00,2024-05-13 14:24:27
Poly Bridge 3,-68%,"R$ 35,07",90.54%,May 2023,2024-05-20 14:00:00,2024-05-13 14:24:28
Dungeon Village,-63%,"R$ 6,87",82.83%,Mar 2022,2024-05-25 14:00:00,2024-05-11 12:05:02
Knightfall: A Daring Journey,-50%,"R$ 8,99",86.01%,Apr 2022,2024-05-29 14:00:00,2024-05-15 14:03:39
Darkest Dungeon® II,-51%,"R$ 89,31",74.35%,May 2023,1969-12-31 21:00:00,2024-05-13 14:24:38
Incubus,-60%,"R$ 14,31",75.77%,Jul 2023,2024-05-29 14:00:00,2024-05-19 14:03:02
Run Build Pew!,-50%,"R$ 5,24",70.59%,Jun 2022,2024-05-20 14:00:00,2024-05-13 14:24:43
Kiwi Clicker - Juiced Up,-50%,"R$ 8,49",90.77%,Jul 2022,2024-05-27 14:00:00,2024-05-13 14:24:43
Return to Monkey Island,-50%,"R$ 36,99",89.23%,Sep 2022,2024-05-23 14:00:00,2024-05-09 14:03:59
Road 96: Mile 0,-70%,"R$ 19,50",66.49%,Apr 2023,2024-05-20 14:00:00,2024-05-06 14:24:53
Black Reliquary,-79%,"R$ 25,11",77.51%,Mar 2023,1969-12-31 21:00:00,2024-05-13 14:24:54
The Bible,-75%,"R$ 7,24",83.53%,Nov 2022,2024-05-20 14:00:00,2024-05-13 14:24:59
Arthas - The Game,-80%,"R$ 3,39",74.19%,Feb 2023,2024-05-20 14:00:00,2024-05-13 14:25:01
DR LIVESEY ROM AND DEATH EDITION,-50%,"R$ 1,74",92.38%,Feb 2023,2024-05-29 14:00:00,2024-05-15 14:03:52
Jianghu Survivor,-50%,"R$ 11,75",83.33%,Jun 2023,2024-05-20 14:00:00,2024-05-13 14:25:02
Assassin's Creed Valhalla,-80%,"R$ 39,99",68.28%,Dec 2022,2024-05-26 14:00:00,2024-05-15 14:03:54
Immortals Fenyx Rising,-85%,"R$ 28,49",68.65%,Dec 2022,2024-05-26 14:00:00,2024-05-19 14:03:14
G.O.P.O.T.A,-50%,"R$ 1,74",79.14%,Apr 2023,2024-05-20 14:00:00,2024-05-13 14:25:20
Russian Village Simulator,-50%,"R$ 23,49",83.38%,Sep 2023,2024-05-20 14:00:00,2024-05-13 14:25:25
Vampires' Melody 2,-50%,"R$ 6,89",82.52%,Sep 2023,2024-05-24 14:00:00,2024-05-09 21:05:03
